;parameters;modelo;auc_tr;accuracy_tr;precision_tr;recall_tr;f1_tr;Matriz_tr;auc_te;accuracy_te;precision_te;recall_te;f1_te;Matriz_te;auc_dif
4;{'n_estimators': 184, 'max_depth': 2, 'min_samples_leaf': 385, 'criterion': 'gini'};RandomForest;50,00%;30,61%;7,65%;25,00%;11,72%;"[[289   0   0   0]
 [240   0   0   0]
 [240   0   0   0]
 [175   0   0   0]]";50,00%;30,80%;7,70%;25,00%;11,77%;"[[73  0  0  0]
 [60  0  0  0]
 [60  0  0  0]
 [44  0  0  0]]";0,00%
7;{'n_estimators': 110, 'max_depth': 18, 'min_samples_leaf': 318, 'criterion': 'gini'};RandomForest;50,00%;30,61%;7,65%;25,00%;11,72%;"[[289   0   0   0]
 [240   0   0   0]
 [240   0   0   0]
 [175   0   0   0]]";50,00%;30,80%;7,70%;25,00%;11,77%;"[[73  0  0  0]
 [60  0  0  0]
 [60  0  0  0]
 [44  0  0  0]]";0,00%
10;{'n_estimators': 172, 'max_depth': 9, 'min_samples_leaf': 404, 'criterion': 'gini'};RandomForest;50,00%;30,61%;7,65%;25,00%;11,72%;"[[289   0   0   0]
 [240   0   0   0]
 [240   0   0   0]
 [175   0   0   0]]";50,00%;30,80%;7,70%;25,00%;11,77%;"[[73  0  0  0]
 [60  0  0  0]
 [60  0  0  0]
 [44  0  0  0]]";0,00%
22;{'n_estimators': 157, 'max_depth': 9, 'min_samples_leaf': 366, 'criterion': 'gini'};RandomForest;50,00%;30,61%;7,65%;25,00%;11,72%;"[[289   0   0   0]
 [240   0   0   0]
 [240   0   0   0]
 [175   0   0   0]]";50,00%;30,80%;7,70%;25,00%;11,77%;"[[73  0  0  0]
 [60  0  0  0]
 [60  0  0  0]
 [44  0  0  0]]";0,00%
28;{'n_estimators': 44, 'max_depth': 13, 'min_samples_leaf': 423, 'criterion': 'gini'};RandomForest;50,00%;30,61%;7,65%;25,00%;11,72%;"[[289   0   0   0]
 [240   0   0   0]
 [240   0   0   0]
 [175   0   0   0]]";50,00%;30,80%;7,70%;25,00%;11,77%;"[[73  0  0  0]
 [60  0  0  0]
 [60  0  0  0]
 [44  0  0  0]]";0,00%
31;{'n_estimators': 180, 'max_depth': 15, 'min_samples_leaf': 404, 'criterion': 'entropy'};RandomForest;50,00%;30,61%;7,65%;25,00%;11,72%;"[[289   0   0   0]
 [240   0   0   0]
 [240   0   0   0]
 [175   0   0   0]]";50,00%;30,80%;7,70%;25,00%;11,77%;"[[73  0  0  0]
 [60  0  0  0]
 [60  0  0  0]
 [44  0  0  0]]";0,00%
34;{'n_estimators': 79, 'max_depth': 14, 'min_samples_leaf': 472, 'criterion': 'entropy'};RandomForest;50,00%;30,61%;7,65%;25,00%;11,72%;"[[289   0   0   0]
 [240   0   0   0]
 [240   0   0   0]
 [175   0   0   0]]";50,00%;30,80%;7,70%;25,00%;11,77%;"[[73  0  0  0]
 [60  0  0  0]
 [60  0  0  0]
 [44  0  0  0]]";0,00%
37;{'n_estimators': 10, 'max_depth': 4, 'min_samples_leaf': 404, 'criterion': 'gini'};RandomForest;50,00%;30,61%;7,65%;25,00%;11,72%;"[[289   0   0   0]
 [240   0   0   0]
 [240   0   0   0]
 [175   0   0   0]]";50,00%;30,80%;7,70%;25,00%;11,77%;"[[73  0  0  0]
 [60  0  0  0]
 [60  0  0  0]
 [44  0  0  0]]";0,00%
61;{'n_estimators': 33, 'max_depth': 3, 'min_samples_leaf': 433, 'criterion': 'gini'};RandomForest;50,00%;30,61%;7,65%;25,00%;11,72%;"[[289   0   0   0]
 [240   0   0   0]
 [240   0   0   0]
 [175   0   0   0]]";50,00%;30,80%;7,70%;25,00%;11,77%;"[[73  0  0  0]
 [60  0  0  0]
 [60  0  0  0]
 [44  0  0  0]]";0,00%
67;{'n_estimators': 192, 'max_depth': 7, 'min_samples_leaf': 337, 'criterion': 'gini'};RandomForest;50,00%;30,61%;7,65%;25,00%;11,72%;"[[289   0   0   0]
 [240   0   0   0]
 [240   0   0   0]
 [175   0   0   0]]";50,00%;30,80%;7,70%;25,00%;11,77%;"[[73  0  0  0]
 [60  0  0  0]
 [60  0  0  0]
 [44  0  0  0]]";0,00%
88;{'n_estimators': 72, 'max_depth': 2, 'min_samples_leaf': 375, 'criterion': 'entropy'};RandomForest;50,00%;30,61%;7,65%;25,00%;11,72%;"[[289   0   0   0]
 [240   0   0   0]
 [240   0   0   0]
 [175   0   0   0]]";50,00%;30,80%;7,70%;25,00%;11,77%;"[[73  0  0  0]
 [60  0  0  0]
 [60  0  0  0]
 [44  0  0  0]]";0,00%
91;{'n_estimators': 10, 'max_depth': 17, 'min_samples_leaf': 395, 'criterion': 'gini'};RandomForest;50,00%;30,61%;7,65%;25,00%;11,72%;"[[289   0   0   0]
 [240   0   0   0]
 [240   0   0   0]
 [175   0   0   0]]";50,00%;30,80%;7,70%;25,00%;11,77%;"[[73  0  0  0]
 [60  0  0  0]
 [60  0  0  0]
 [44  0  0  0]]";0,00%
94;{'n_estimators': 75, 'max_depth': 8, 'min_samples_leaf': 472, 'criterion': 'gini'};RandomForest;50,00%;30,61%;7,65%;25,00%;11,72%;"[[289   0   0   0]
 [240   0   0   0]
 [240   0   0   0]
 [175   0   0   0]]";50,00%;30,80%;7,70%;25,00%;11,77%;"[[73  0  0  0]
 [60  0  0  0]
 [60  0  0  0]
 [44  0  0  0]]";0,00%
97;{'n_estimators': 44, 'max_depth': 9, 'min_samples_leaf': 414, 'criterion': 'entropy'};RandomForest;50,00%;30,61%;7,65%;25,00%;11,72%;"[[289   0   0   0]
 [240   0   0   0]
 [240   0   0   0]
 [175   0   0   0]]";50,00%;30,80%;7,70%;25,00%;11,77%;"[[73  0  0  0]
 [60  0  0  0]
 [60  0  0  0]
 [44  0  0  0]]";0,00%
103;{'n_estimators': 37, 'max_depth': 5, 'min_samples_leaf': 308, 'criterion': 'gini'};RandomForest;50,00%;30,61%;7,65%;25,00%;11,72%;"[[289   0   0   0]
 [240   0   0   0]
 [240   0   0   0]
 [175   0   0   0]]";50,00%;30,80%;7,70%;25,00%;11,77%;"[[73  0  0  0]
 [60  0  0  0]
 [60  0  0  0]
 [44  0  0  0]]";0,00%
106;{'n_estimators': 41, 'max_depth': 20, 'min_samples_leaf': 356, 'criterion': 'gini'};RandomForest;50,00%;30,61%;7,65%;25,00%;11,72%;"[[289   0   0   0]
 [240   0   0   0]
 [240   0   0   0]
 [175   0   0   0]]";50,00%;30,80%;7,70%;25,00%;11,77%;"[[73  0  0  0]
 [60  0  0  0]
 [60  0  0  0]
 [44  0  0  0]]";0,00%
109;{'n_estimators': 145, 'max_depth': 4, 'min_samples_leaf': 375, 'criterion': 'gini'};RandomForest;50,00%;30,61%;7,65%;25,00%;11,72%;"[[289   0   0   0]
 [240   0   0   0]
 [240   0   0   0]
 [175   0   0   0]]";50,00%;30,80%;7,70%;25,00%;11,77%;"[[73  0  0  0]
 [60  0  0  0]
 [60  0  0  0]
 [44  0  0  0]]";0,00%
124;{'n_estimators': 99, 'max_depth': 4, 'min_samples_leaf': 308, 'criterion': 'entropy'};RandomForest;50,00%;30,61%;7,65%;25,00%;11,72%;"[[289   0   0   0]
 [240   0   0   0]
 [240   0   0   0]
 [175   0   0   0]]";50,00%;30,80%;7,70%;25,00%;11,77%;"[[73  0  0  0]
 [60  0  0  0]
 [60  0  0  0]
 [44  0  0  0]]";0,00%
127;{'n_estimators': 153, 'max_depth': 11, 'min_samples_leaf': 318, 'criterion': 'gini'};RandomForest;50,00%;30,61%;7,65%;25,00%;11,72%;"[[289   0   0   0]
 [240   0   0   0]
 [240   0   0   0]
 [175   0   0   0]]";50,00%;30,80%;7,70%;25,00%;11,77%;"[[73  0  0  0]
 [60  0  0  0]
 [60  0  0  0]
 [44  0  0  0]]";0,00%
130;{'n_estimators': 33, 'max_depth': 7, 'min_samples_leaf': 452, 'criterion': 'entropy'};RandomForest;50,00%;30,61%;7,65%;25,00%;11,72%;"[[289   0   0   0]
 [240   0   0   0]
 [240   0   0   0]
 [175   0   0   0]]";50,00%;30,80%;7,70%;25,00%;11,77%;"[[73  0  0  0]
 [60  0  0  0]
 [60  0  0  0]
 [44  0  0  0]]";0,00%
142;{'n_estimators': 130, 'max_depth': 17, 'min_samples_leaf': 337, 'criterion': 'gini'};RandomForest;50,00%;30,61%;7,65%;25,00%;11,72%;"[[289   0   0   0]
 [240   0   0   0]
 [240   0   0   0]
 [175   0   0   0]]";50,00%;30,80%;7,70%;25,00%;11,77%;"[[73  0  0  0]
 [60  0  0  0]
 [60  0  0  0]
 [44  0  0  0]]";0,00%
169;{'n_estimators': 188, 'max_depth': 5, 'min_samples_leaf': 452, 'criterion': 'entropy'};RandomForest;50,00%;30,61%;7,65%;25,00%;11,72%;"[[289   0   0   0]
 [240   0   0   0]
 [240   0   0   0]
 [175   0   0   0]]";50,00%;30,80%;7,70%;25,00%;11,77%;"[[73  0  0  0]
 [60  0  0  0]
 [60  0  0  0]
 [44  0  0  0]]";0,00%
172;{'n_estimators': 60, 'max_depth': 6, 'min_samples_leaf': 375, 'criterion': 'entropy'};RandomForest;50,00%;30,61%;7,65%;25,00%;11,72%;"[[289   0   0   0]
 [240   0   0   0]
 [240   0   0   0]
 [175   0   0   0]]";50,00%;30,80%;7,70%;25,00%;11,77%;"[[73  0  0  0]
 [60  0  0  0]
 [60  0  0  0]
 [44  0  0  0]]";0,00%
178;{'n_estimators': 172, 'max_depth': 11, 'min_samples_leaf': 337, 'criterion': 'gini'};RandomForest;50,00%;30,61%;7,65%;25,00%;11,72%;"[[289   0   0   0]
 [240   0   0   0]
 [240   0   0   0]
 [175   0   0   0]]";50,00%;30,80%;7,70%;25,00%;11,77%;"[[73  0  0  0]
 [60  0  0  0]
 [60  0  0  0]
 [44  0  0  0]]";0,00%
181;{'n_estimators': 13, 'max_depth': 14, 'min_samples_leaf': 318, 'criterion': 'entropy'};RandomForest;50,00%;30,61%;7,65%;25,00%;11,72%;"[[289   0   0   0]
 [240   0   0   0]
 [240   0   0   0]
 [175   0   0   0]]";50,00%;30,80%;7,70%;25,00%;11,77%;"[[73  0  0  0]
 [60  0  0  0]
 [60  0  0  0]
 [44  0  0  0]]";0,00%
184;{'n_estimators': 126, 'max_depth': 19, 'min_samples_leaf': 366, 'criterion': 'gini'};RandomForest;50,00%;30,61%;7,65%;25,00%;11,72%;"[[289   0   0   0]
 [240   0   0   0]
 [240   0   0   0]
 [175   0   0   0]]";50,00%;30,80%;7,70%;25,00%;11,77%;"[[73  0  0  0]
 [60  0  0  0]
 [60  0  0  0]
 [44  0  0  0]]";0,00%
187;{'n_estimators': 122, 'max_depth': 13, 'min_samples_leaf': 318, 'criterion': 'gini'};RandomForest;50,00%;30,61%;7,65%;25,00%;11,72%;"[[289   0   0   0]
 [240   0   0   0]
 [240   0   0   0]
 [175   0   0   0]]";50,00%;30,80%;7,70%;25,00%;11,77%;"[[73  0  0  0]
 [60  0  0  0]
 [60  0  0  0]
 [44  0  0  0]]";0,00%
193;{'n_estimators': 75, 'max_depth': 1, 'min_samples_leaf': 395, 'criterion': 'entropy'};RandomForest;50,00%;30,61%;7,65%;25,00%;11,72%;"[[289   0   0   0]
 [240   0   0   0]
 [240   0   0   0]
 [175   0   0   0]]";50,00%;30,80%;7,70%;25,00%;11,77%;"[[73  0  0  0]
 [60  0  0  0]
 [60  0  0  0]
 [44  0  0  0]]";0,00%
199;{'n_estimators': 64, 'max_depth': 1, 'min_samples_leaf': 375, 'criterion': 'gini'};RandomForest;50,00%;30,61%;7,65%;25,00%;11,72%;"[[289   0   0   0]
 [240   0   0   0]
 [240   0   0   0]
 [175   0   0   0]]";50,00%;30,80%;7,70%;25,00%;11,77%;"[[73  0  0  0]
 [60  0  0  0]
 [60  0  0  0]
 [44  0  0  0]]";0,00%
202;{'n_estimators': 161, 'max_depth': 7, 'min_samples_leaf': 385, 'criterion': 'gini'};RandomForest;50,00%;30,61%;7,65%;25,00%;11,72%;"[[289   0   0   0]
 [240   0   0   0]
 [240   0   0   0]
 [175   0   0   0]]";50,00%;30,80%;7,70%;25,00%;11,77%;"[[73  0  0  0]
 [60  0  0  0]
 [60  0  0  0]
 [44  0  0  0]]";0,00%
208;{'n_estimators': 41, 'max_depth': 4, 'min_samples_leaf': 472, 'criterion': 'gini'};RandomForest;50,00%;30,61%;7,65%;25,00%;11,72%;"[[289   0   0   0]
 [240   0   0   0]
 [240   0   0   0]
 [175   0   0   0]]";50,00%;30,80%;7,70%;25,00%;11,77%;"[[73  0  0  0]
 [60  0  0  0]
 [60  0  0  0]
 [44  0  0  0]]";0,00%
211;{'n_estimators': 13, 'max_depth': 19, 'min_samples_leaf': 366, 'criterion': 'gini'};RandomForest;50,00%;30,61%;7,65%;25,00%;11,72%;"[[289   0   0   0]
 [240   0   0   0]
 [240   0   0   0]
 [175   0   0   0]]";50,00%;30,80%;7,70%;25,00%;11,77%;"[[73  0  0  0]
 [60  0  0  0]
 [60  0  0  0]
 [44  0  0  0]]";0,00%
232;{'n_estimators': 161, 'max_depth': 16, 'min_samples_leaf': 356, 'criterion': 'entropy'};RandomForest;50,00%;30,61%;7,65%;25,00%;11,72%;"[[289   0   0   0]
 [240   0   0   0]
 [240   0   0   0]
 [175   0   0   0]]";50,00%;30,80%;7,70%;25,00%;11,77%;"[[73  0  0  0]
 [60  0  0  0]
 [60  0  0  0]
 [44  0  0  0]]";0,00%
238;{'n_estimators': 172, 'max_depth': 12, 'min_samples_leaf': 366, 'criterion': 'entropy'};RandomForest;50,00%;30,61%;7,65%;25,00%;11,72%;"[[289   0   0   0]
 [240   0   0   0]
 [240   0   0   0]
 [175   0   0   0]]";50,00%;30,80%;7,70%;25,00%;11,77%;"[[73  0  0  0]
 [60  0  0  0]
 [60  0  0  0]
 [44  0  0  0]]";0,00%
241;{'n_estimators': 44, 'max_depth': 4, 'min_samples_leaf': 375, 'criterion': 'gini'};RandomForest;50,00%;30,61%;7,65%;25,00%;11,72%;"[[289   0   0   0]
 [240   0   0   0]
 [240   0   0   0]
 [175   0   0   0]]";50,00%;30,80%;7,70%;25,00%;11,77%;"[[73  0  0  0]
 [60  0  0  0]
 [60  0  0  0]
 [44  0  0  0]]";0,00%
244;{'n_estimators': 122, 'max_depth': 17, 'min_samples_leaf': 347, 'criterion': 'entropy'};RandomForest;50,00%;30,61%;7,65%;25,00%;11,72%;"[[289   0   0   0]
 [240   0   0   0]
 [240   0   0   0]
 [175   0   0   0]]";50,00%;30,80%;7,70%;25,00%;11,77%;"[[73  0  0  0]
 [60  0  0  0]
 [60  0  0  0]
 [44  0  0  0]]";0,00%
256;{'n_estimators': 75, 'max_depth': 10, 'min_samples_leaf': 395, 'criterion': 'gini'};RandomForest;50,00%;30,61%;7,65%;25,00%;11,72%;"[[289   0   0   0]
 [240   0   0   0]
 [240   0   0   0]
 [175   0   0   0]]";50,00%;30,80%;7,70%;25,00%;11,77%;"[[73  0  0  0]
 [60  0  0  0]
 [60  0  0  0]
 [44  0  0  0]]";0,00%
262;{'n_estimators': 10, 'max_depth': 20, 'min_samples_leaf': 375, 'criterion': 'gini'};RandomForest;50,00%;30,61%;7,65%;25,00%;11,72%;"[[289   0   0   0]
 [240   0   0   0]
 [240   0   0   0]
 [175   0   0   0]]";50,00%;30,80%;7,70%;25,00%;11,77%;"[[73  0  0  0]
 [60  0  0  0]
 [60  0  0  0]
 [44  0  0  0]]";0,00%
277;{'n_estimators': 165, 'max_depth': 17, 'min_samples_leaf': 337, 'criterion': 'entropy'};RandomForest;50,00%;30,61%;7,65%;25,00%;11,72%;"[[289   0   0   0]
 [240   0   0   0]
 [240   0   0   0]
 [175   0   0   0]]";50,00%;30,80%;7,70%;25,00%;11,77%;"[[73  0  0  0]
 [60  0  0  0]
 [60  0  0  0]
 [44  0  0  0]]";0,00%
280;{'n_estimators': 83, 'max_depth': 9, 'min_samples_leaf': 385, 'criterion': 'gini'};RandomForest;50,00%;30,61%;7,65%;25,00%;11,72%;"[[289   0   0   0]
 [240   0   0   0]
 [240   0   0   0]
 [175   0   0   0]]";50,00%;30,80%;7,70%;25,00%;11,77%;"[[73  0  0  0]
 [60  0  0  0]
 [60  0  0  0]
 [44  0  0  0]]";0,00%
283;{'n_estimators': 122, 'max_depth': 6, 'min_samples_leaf': 327, 'criterion': 'entropy'};RandomForest;50,00%;30,61%;7,65%;25,00%;11,72%;"[[289   0   0   0]
 [240   0   0   0]
 [240   0   0   0]
 [175   0   0   0]]";50,00%;30,80%;7,70%;25,00%;11,77%;"[[73  0  0  0]
 [60  0  0  0]
 [60  0  0  0]
 [44  0  0  0]]";0,00%
286;{'n_estimators': 48, 'max_depth': 14, 'min_samples_leaf': 433, 'criterion': 'entropy'};RandomForest;50,00%;30,61%;7,65%;25,00%;11,72%;"[[289   0   0   0]
 [240   0   0   0]
 [240   0   0   0]
 [175   0   0   0]]";50,00%;30,80%;7,70%;25,00%;11,77%;"[[73  0  0  0]
 [60  0  0  0]
 [60  0  0  0]
 [44  0  0  0]]";0,00%
298;{'n_estimators': 192, 'max_depth': 4, 'min_samples_leaf': 385, 'criterion': 'gini'};RandomForest;50,00%;30,61%;7,65%;25,00%;11,72%;"[[289   0   0   0]
 [240   0   0   0]
 [240   0   0   0]
 [175   0   0   0]]";50,00%;30,80%;7,70%;25,00%;11,77%;"[[73  0  0  0]
 [60  0  0  0]
 [60  0  0  0]
 [44  0  0  0]]";0,00%
151;{'n_estimators': 41, 'max_depth': 13, 'min_samples_leaf': 212, 'criterion': 'gini'};RandomForest;77,34%;52,65%;52,26%;47,07%;34,39%;"[[266   0  23   0]
 [ 96   2 142   0]
 [ 11   0 229   0]
 [ 24   0 151   0]]";77,35%;51,90%;26,53%;46,20%;33,39%;"[[68  0  5  0]
 [24  0 36  0]
 [ 5  0 55  0]
 [ 9  0 35  0]]";0,01%
289;{'n_estimators': 168, 'max_depth': 13, 'min_samples_leaf': 250, 'criterion': 'gini'};RandomForest;78,21%;53,07%;26,99%;47,37%;34,12%;"[[273   0  16   0]
 [112   0 128   0]
 [ 12   0 228   0]
 [ 31   0 144   0]]";78,17%;51,48%;26,21%;45,64%;33,06%;"[[70  0  3  0]
 [23  0 37  0]
 [ 8  0 52  0]
 [ 8  0 36  0]]";0,04%
295;{'n_estimators': 192, 'max_depth': 15, 'min_samples_leaf': 250, 'criterion': 'gini'};RandomForest;78,16%;53,28%;52,09%;47,56%;34,42%;"[[274   0  15   0]
 [111   1 128   0]
 [ 12   0 228   0]
 [ 30   0 145   0]]";78,11%;51,48%;26,21%;45,64%;33,06%;"[[70  0  3  0]
 [23  0 37  0]
 [ 8  0 52  0]
 [ 8  0 36  0]]";0,05%
58;{'n_estimators': 114, 'max_depth': 7, 'min_samples_leaf': 241, 'criterion': 'entropy'};RandomForest;78,95%;52,65%;26,82%;47,02%;33,86%;"[[269   0  20   0]
 [115   0 125   0]
 [ 12   0 228   0]
 [ 28   0 147   0]]";78,88%;53,16%;51,85%;47,38%;34,75%;"[[69  0  4  0]
 [26  1 33  0]
 [ 4  0 56  0]
 [10  0 34  0]]";0,07%
85;{'n_estimators': 114, 'max_depth': 18, 'min_samples_leaf': 231, 'criterion': 'entropy'};RandomForest;78,26%;52,75%;52,03%;47,16%;34,17%;"[[267   0  22   0]
 [108   1 131   0]
 [ 10   0 230   0]
 [ 27   0 148   0]]";78,15%;52,74%;27,06%;47,04%;33,98%;"[[68  0  5  0]
 [26  0 34  0]
 [ 3  0 57  0]
 [ 7  0 37  0]]";0,11%
26;{'n_estimators': 103, 'max_depth': 11, 'learning_rate': 0,001};XGBoost;99,99%;99,58%;99,60%;99,58%;99,59%;"[[287   2   0   0]
 [  1 239   0   0]
 [  0   0 240   0]
 [  0   0   1 174]]";85,07%;63,71%;62,04%;62,40%;62,01%;"[[58  9  3  3]
 [ 6 27 16 11]
 [ 2  7 41 10]
 [ 4  7  8 25]]";14,92%
235;{'n_estimators': 161, 'max_depth': 10, 'min_samples_leaf': 231, 'criterion': 'entropy'};RandomForest;78,04%;52,75%;27,05%;47,14%;34,00%;"[[268   0  21   0]
 [107   0 133   0]
 [ 10   0 230   0]
 [ 28   0 147   0]]";78,15%;54,01%;52,67%;48,29%;35,45%;"[[68  0  5  0]
 [24  1 35  0]
 [ 1  0 59  0]
 [ 9  0 35  0]]";0,11%
157;{'n_estimators': 168, 'max_depth': 17, 'min_samples_leaf': 231, 'criterion': 'entropy'};RandomForest;78,00%;52,75%;27,05%;47,14%;34,00%;"[[268   0  21   0]
 [107   0 133   0]
 [ 10   0 230   0]
 [ 28   0 147   0]]";78,15%;53,59%;27,68%;47,87%;34,59%;"[[68  0  5  0]
 [24  0 36  0]
 [ 1  0 59  0]
 [ 8  0 36  0]]";0,15%
79;{'n_estimators': 10, 'max_depth': 18, 'min_samples_leaf': 1, 'criterion': 'gini'};RandomForest;99,99%;99,36%;99,47%;99,35%;99,41%;"[[288   0   1   0]
 [  3 237   0   0]
 [  1   0 239   0]
 [  1   0   0 174]]";86,40%;69,62%;68,42%;66,50%;66,49%;"[[65  7  1  0]
 [ 6 39 10  5]
 [ 4  8 44  4]
 [ 2 13 12 17]]";13,59%
281;{'n_estimators': 33, 'max_depth': 19, 'learning_rate': 0,017306122448979593};XGBoost;100,00%;100,00%;100,00%;100,00%;100,00%;"[[289   0   0   0]
 [  0 240   0   0]
 [  0   0 240   0]
 [  0   0   0 175]]";88,24%;69,62%;68,87%;67,33%;67,30%;"[[62  7  3  1]
 [ 7 33 13  7]
 [ 3  6 49  2]
 [ 3  7 13 21]]";11,76%
44;{'n_estimators': 25, 'max_depth': 15, 'learning_rate': 0,049918367346938775};XGBoost;100,00%;100,00%;100,00%;100,00%;100,00%;"[[289   0   0   0]
 [  0 240   0   0]
 [  0   0 240   0]
 [  0   0   0 175]]";89,49%;74,26%;75,50%;72,07%;72,32%;"[[64  5  4  0]
 [ 5 36 14  5]
 [ 4  2 53  1]
 [ 2  5 14 23]]";10,51%
215;{'n_estimators': 13, 'max_depth': 17, 'learning_rate': 0,11514285714285714};XGBoost;100,00%;100,00%;100,00%;100,00%;100,00%;"[[289   0   0   0]
 [  0 240   0   0]
 [  0   0 240   0]
 [  0   0   0 175]]";89,50%;72,15%;72,25%;70,06%;70,24%;"[[61  6  5  1]
 [ 5 38 12  5]
 [ 3  4 50  3]
 [ 2  6 14 22]]";10,50%
163;{'n_estimators': 106, 'max_depth': 13, 'min_samples_leaf': 202, 'criterion': 'entropy'};RandomForest;79,24%;53,18%;49,03%;47,65%;35,42%;"[[263   0  26   0]
 [ 96   6 138   0]
 [  7   0 233   0]
 [ 20   1 154   0]]";78,95%;53,16%;27,61%;47,53%;34,38%;"[[67  0  6  0]
 [24  0 36  0]
 [ 1  0 59  0]
 [ 7  0 37  0]]";0,29%
212;{'n_estimators': 17, 'max_depth': 10, 'learning_rate': 0,5064897959183674};XGBoost;100,00%;100,00%;100,00%;100,00%;100,00%;"[[289   0   0   0]
 [  0 240   0   0]
 [  0   0 240   0]
 [  0   0   0 175]]";90,03%;73,42%;73,39%;71,01%;71,19%;"[[63  4  5  1]
 [ 6 40 11  3]
 [ 3  3 50  4]
 [ 2  8 13 21]]";9,97%
55;{'n_estimators': 21, 'max_depth': 16, 'min_samples_leaf': 212, 'criterion': 'gini'};RandomForest;77,74%;52,86%;42,14%;47,25%;34,62%;"[[268   1  20   0]
 [104   3 133   0]
 [ 12   0 228   0]
 [ 25   1 149   0]]";77,38%;51,90%;26,69%;46,20%;33,50%;"[[68  0  5  0]
 [25  0 35  0]
 [ 5  0 55  0]
 [ 7  1 36  0]]";0,35%
120;{'n_estimators': 137, 'max_depth': 12, 'min_data_in_leaf': 472, 'learning_rate': 0,8};Lighgbm;99,99%;99,15%;99,11%;98,93%;99,02%;"[[289   0   0   0]
 [  0 238   0   2]
 [  0   0 240   0]
 [  1   0   5 169]]";90,10%;74,68%;73,34%;72,64%;72,78%;"[[64  6  2  1]
 [ 5 41  9  5]
 [ 2  4 48  6]
 [ 1 12  7 24]]";9,89%
19;{'n_estimators': 141, 'max_depth': 8, 'min_samples_leaf': 270, 'criterion': 'entropy'};RandomForest;80,49%;52,33%;26,30%;46,60%;33,50%;"[[275   0  14   0]
 [126   0 114   0]
 [ 21   0 219   0]
 [ 34   0 141   0]]";79,95%;51,48%;50,64%;45,64%;33,47%;"[[70  0  3  0]
 [29  1 30  0]
 [ 9  0 51  0]
 [10  0 34  0]]";0,54%
46;{'n_estimators': 153, 'max_depth': 17, 'min_samples_leaf': 270, 'criterion': 'entropy'};RandomForest;80,65%;52,44%;26,36%;46,71%;33,57%;"[[275   0  14   0]
 [127   0 113   0]
 [ 20   0 220   0]
 [ 33   0 142   0]]";79,99%;51,90%;25,97%;45,98%;33,11%;"[[71  0  2  0]
 [29  0 31  0]
 [ 8  0 52  0]
 [10  0 34  0]]";0,66%
39;{'n_estimators': 13, 'max_depth': 13, 'min_data_in_leaf': 58, 'learning_rate': 0,6858571428571428};Lighgbm;100,00%;100,00%;100,00%;100,00%;100,00%;"[[289   0   0   0]
 [  0 240   0   0]
 [  0   0 240   0]
 [  0   0   0 175]]";90,15%;75,53%;75,05%;73,09%;73,15%;"[[63  5  4  1]
 [ 3 43 10  4]
 [ 2  3 52  3]
 [ 2 11 10 21]]";9,85%
70;{'n_estimators': 29, 'max_depth': 4, 'min_samples_leaf': 270, 'criterion': 'entropy'};RandomForest;79,92%;52,75%;26,40%;46,98%;33,73%;"[[277   0  12   0]
 [135   0 105   0]
 [ 19   0 221   0]
 [ 38   0 137   0]]";78,64%;51,90%;50,85%;46,13%;33,77%;"[[69  0  4  0]
 [30  1 29  0]
 [ 7  0 53  0]
 [12  0 32  0]]";1,29%
92;{'n_estimators': 13, 'max_depth': 20, 'learning_rate': 0,1966734693877551};XGBoost;100,00%;100,00%;100,00%;100,00%;100,00%;"[[289   0   0   0]
 [  0 240   0   0]
 [  0   0 240   0]
 [  0   0   0 175]]";90,16%;73,84%;74,52%;71,80%;72,05%;"[[62  5  5  1]
 [ 5 38 12  5]
 [ 4  3 52  1]
 [ 2  6 13 23]]";9,84%
260;{'n_estimators': 60, 'max_depth': 10, 'learning_rate': 0,017306122448979593};XGBoost;100,00%;100,00%;100,00%;100,00%;100,00%;"[[289   0   0   0]
 [  0 240   0   0]
 [  0   0 240   0]
 [  0   0   0 175]]";90,17%;72,15%;73,26%;70,13%;70,41%;"[[62  6  5  0]
 [ 5 35 15  5]
 [ 4  3 51  2]
 [ 2  5 14 23]]";9,83%
122;{'n_estimators': 41, 'max_depth': 12, 'learning_rate': 0,14775510204081632};XGBoost;100,00%;100,00%;100,00%;100,00%;100,00%;"[[289   0   0   0]
 [  0 240   0   0]
 [  0   0 240   0]
 [  0   0   0 175]]";90,41%;72,57%;71,90%;70,17%;70,16%;"[[63  5  4  1]
 [ 4 37 12  7]
 [ 4  3 51  2]
 [ 2  8 13 21]]";9,59%
246;{'n_estimators': 33, 'max_depth': 12, 'min_data_in_leaf': 154, 'learning_rate': 0,7836938775510204};Lighgbm;100,00%;100,00%;100,00%;100,00%;100,00%;"[[289   0   0   0]
 [  0 240   0   0]
 [  0   0 240   0]
 [  0   0   0 175]]";90,44%;73,00%;72,18%;70,97%;71,19%;"[[64  5  4  0]
 [ 5 39  9  7]
 [ 5  5 46  4]
 [ 1  6 13 24]]";9,56%
134;{'n_estimators': 48, 'max_depth': 17, 'learning_rate': 0,08253061224489797};XGBoost;100,00%;100,00%;100,00%;100,00%;100,00%;"[[289   0   0   0]
 [  0 240   0   0]
 [  0   0 240   0]
 [  0   0   0 175]]";90,50%;74,26%;75,13%;72,22%;72,53%;"[[62  6  4  1]
 [ 4 39 13  4]
 [ 4  3 52  1]
 [ 2  7 12 23]]";9,50%
71;{'n_estimators': 48, 'max_depth': 14, 'learning_rate': 0,13144897959183674};XGBoost;100,00%;100,00%;100,00%;100,00%;100,00%;"[[289   0   0   0]
 [  0 240   0   0]
 [  0   0 240   0]
 [  0   0   0 175]]";90,55%;74,68%;74,99%;72,86%;73,09%;"[[63  5  4  1]
 [ 6 37 12  5]
 [ 4  3 52  1]
 [ 2  7 10 25]]";9,45%
87;{'n_estimators': 157, 'max_depth': 2, 'min_data_in_leaf': 472, 'learning_rate': 0,6369387755102041};Lighgbm;99,95%;98,52%;98,37%;98,31%;98,34%;"[[289   0   0   0]
 [  0 234   1   5]
 [  0   2 238   0]
 [  1   0   5 169]]";90,54%;73,42%;71,45%;70,93%;70,93%;"[[64  5  3  1]
 [ 3 41  9  7]
 [ 1  4 48  7]
 [ 1 12 10 21]]";9,41%
284;{'n_estimators': 165, 'max_depth': 6, 'learning_rate': 0,017306122448979593};XGBoost;100,00%;100,00%;100,00%;100,00%;100,00%;"[[289   0   0   0]
 [  0 240   0   0]
 [  0   0 240   0]
 [  0   0   0 175]]";90,62%;73,00%;73,07%;70,51%;70,49%;"[[62  6  4  1]
 [ 5 38 12  5]
 [ 3  3 53  1]
 [ 3  9 12 20]]";9,38%
108;{'n_estimators': 99, 'max_depth': 4, 'min_data_in_leaf': 20, 'learning_rate': 0,5391020408163265};Lighgbm;100,00%;100,00%;100,00%;100,00%;100,00%;"[[289   0   0   0]
 [  0 240   0   0]
 [  0   0 240   0]
 [  0   0   0 175]]";90,73%;75,53%;75,25%;73,10%;73,44%;"[[67  2  4  0]
 [ 4 41 10  5]
 [ 3  7 48  2]
 [ 1 10 10 23]]";9,27%
194;{'n_estimators': 21, 'max_depth': 15, 'learning_rate': 0,5880204081632653};XGBoost;100,00%;100,00%;100,00%;100,00%;100,00%;"[[289   0   0   0]
 [  0 240   0   0]
 [  0   0 240   0]
 [  0   0   0 175]]";90,75%;74,68%;75,53%;72,48%;72,82%;"[[62  5  5  1]
 [ 5 42 11  2]
 [ 3  3 51  3]
 [ 2  7 13 22]]";9,25%
129;{'n_estimators': 17, 'max_depth': 13, 'min_data_in_leaf': 260, 'learning_rate': 0,7347755102040816};Lighgbm;99,40%;95,34%;95,31%;94,79%;94,98%;"[[285   0   4   0]
 [  2 224  10   4]
 [  0   3 234   3]
 [  1   5  12 157]]";90,15%;73,00%;71,93%;70,59%;70,69%;"[[65  4  4  0]
 [ 5 38 12  5]
 [ 3  3 48  6]
 [ 2  9 11 22]]";9,25%
200;{'n_estimators': 48, 'max_depth': 8, 'learning_rate': 0,11514285714285714};XGBoost;100,00%;100,00%;100,00%;100,00%;100,00%;"[[289   0   0   0]
 [  0 240   0   0]
 [  0   0 240   0]
 [  0   0   0 175]]";90,76%;73,42%;74,20%;71,01%;71,26%;"[[63  5  4  1]
 [ 5 39 12  4]
 [ 4  4 51  1]
 [ 2  7 14 21]]";9,24%
179;{'n_estimators': 21, 'max_depth': 5, 'learning_rate': 0,4738775510204082};XGBoost;100,00%;100,00%;100,00%;100,00%;100,00%;"[[289   0   0   0]
 [  0 240   0   0]
 [  0   0 240   0]
 [  0   0   0 175]]";90,80%;73,00%;72,32%;70,29%;70,26%;"[[65  4  3  1]
 [ 7 37 11  5]
 [ 3  4 51  2]
 [ 1 11 12 20]]";9,20%
56;{'n_estimators': 37, 'max_depth': 17, 'learning_rate': 0,6858571428571428};XGBoost;100,00%;100,00%;100,00%;100,00%;100,00%;"[[289   0   0   0]
 [  0 240   0   0]
 [  0   0 240   0]
 [  0   0   0 175]]";90,80%;76,37%;77,01%;74,61%;75,16%;"[[64  3  5  1]
 [ 5 43 11  1]
 [ 3  5 48  4]
 [ 2  6 10 26]]";9,20%
166;{'n_estimators': 17, 'max_depth': 14, 'min_samples_leaf': 289, 'criterion': 'gini'};RandomForest;78,81%;52,33%;26,24%;46,65%;33,50%;"[[272   0  17   0]
 [137   0 103   0]
 [ 18   0 222   0]
 [ 37   1 137   0]]";75,88%;52,74%;26,50%;47,04%;33,76%;"[[68  0  5  0]
 [29  0 31  0]
 [ 3  0 57  0]
 [14  0 30  0]]";2,93%
292;{'n_estimators': 180, 'max_depth': 17, 'min_samples_leaf': 1, 'criterion': 'entropy'};RandomForest;100,00%;100,00%;100,00%;100,00%;100,00%;"[[289   0   0   0]
 [  0 240   0   0]
 [  0   0 240   0]
 [  0   0   0 175]]";90,83%;73,42%;74,70%;70,40%;70,42%;"[[65  4  4  0]
 [ 4 39 14  3]
 [ 4  3 52  1]
 [ 2 13 11 18]]";9,17%
231;{'n_estimators': 56, 'max_depth': 16, 'min_data_in_leaf': 212, 'learning_rate': 0,4575714285714286};Lighgbm;100,00%;100,00%;100,00%;100,00%;100,00%;"[[289   0   0   0]
 [  0 240   0   0]
 [  0   0 240   0]
 [  0   0   0 175]]";90,87%;75,95%;76,04%;74,04%;74,47%;"[[64  5  4  0]
 [ 3 43  9  5]
 [ 5  5 48  2]
 [ 2  6 11 25]]";9,13%
118;{'n_estimators': 184, 'max_depth': 18, 'min_samples_leaf': 1, 'criterion': 'gini'};RandomForest;100,00%;100,00%;100,00%;100,00%;100,00%;"[[289   0   0   0]
 [  0 240   0   0]
 [  0   0 240   0]
 [  0   0   0 175]]";90,88%;73,84%;75,51%;71,35%;71,64%;"[[64  5  4  0]
 [ 4 37 16  3]
 [ 2  4 53  1]
 [ 2 10 11 21]]";9,12%
140;{'n_estimators': 52, 'max_depth': 19, 'learning_rate': 0,7673877551020408};XGBoost;100,00%;100,00%;100,00%;100,00%;100,00%;"[[289   0   0   0]
 [  0 240   0   0]
 [  0   0 240   0]
 [  0   0   0 175]]";90,88%;73,00%;72,09%;70,67%;70,81%;"[[64  4  4  1]
 [ 5 39 10  6]
 [ 4  5 48  3]
 [ 3  8 11 22]]";9,12%
32;{'n_estimators': 21, 'max_depth': 8, 'learning_rate': 0,6369387755102041};XGBoost;100,00%;100,00%;100,00%;100,00%;100,00%;"[[289   0   0   0]
 [  0 240   0   0]
 [  0   0 240   0]
 [  0   0   0 175]]";90,90%;72,57%;73,23%;70,17%;70,44%;"[[63  5  5  0]
 [ 6 38 13  3]
 [ 4  3 50  3]
 [ 2 10 11 21]]";9,10%
182;{'n_estimators': 72, 'max_depth': 15, 'learning_rate': 0,13144897959183674};XGBoost;100,00%;100,00%;100,00%;100,00%;100,00%;"[[289   0   0   0]
 [  0 240   0   0]
 [  0   0 240   0]
 [  0   0   0 175]]";90,90%;72,15%;72,35%;69,76%;69,87%;"[[63  5  4  1]
 [ 6 36 13  5]
 [ 4  4 51  1]
 [ 2  9 12 21]]";9,10%
245;{'n_estimators': 17, 'max_depth': 7, 'learning_rate': 0,359734693877551};XGBoost;100,00%;100,00%;100,00%;100,00%;100,00%;"[[289   0   0   0]
 [  0 240   0   0]
 [  0   0 240   0]
 [  0   0   0 175]]";90,91%;72,57%;73,02%;70,17%;70,42%;"[[63  5  4  1]
 [ 5 38 14  3]
 [ 3  4 50  3]
 [ 1  9 13 21]]";9,09%
186;{'n_estimators': 64, 'max_depth': 1, 'min_data_in_leaf': 308, 'learning_rate': 0,7836938775510204};Lighgbm;100,00%;99,68%;99,65%;99,61%;99,63%;"[[289   0   0   0]
 [  0 239   0   1]
 [  0   0 240   0]
 [  0   0   2 173]]";90,93%;72,15%;71,54%;70,21%;70,33%;"[[63  5  5  0]
 [ 6 35 12  7]
 [ 3  5 49  3]
 [ 1  9 10 24]]";9,07%
263;{'n_estimators': 122, 'max_depth': 7, 'learning_rate': 0,06622448979591837};XGBoost;100,00%;100,00%;100,00%;100,00%;100,00%;"[[289   0   0   0]
 [  0 240   0   0]
 [  0   0 240   0]
 [  0   0   0 175]]";90,95%;74,68%;74,80%;72,18%;72,31%;"[[64  3  5  1]
 [ 4 40 11  5]
 [ 4  3 52  1]
 [ 2  9 12 21]]";9,05%
269;{'n_estimators': 106, 'max_depth': 15, 'learning_rate': 0,1966734693877551};XGBoost;100,00%;100,00%;100,00%;100,00%;100,00%;"[[289   0   0   0]
 [  0 240   0   0]
 [  0   0 240   0]
 [  0   0   0 175]]";90,97%;73,84%;74,53%;71,80%;72,15%;"[[64  3  5  1]
 [ 5 37 14  4]
 [ 4  4 50  2]
 [ 3  6 11 24]]";9,03%
210;{'n_estimators': 52, 'max_depth': 13, 'min_data_in_leaf': 241, 'learning_rate': 0,7673877551020408};Lighgbm;100,00%;100,00%;100,00%;100,00%;100,00%;"[[289   0   0   0]
 [  0 240   0   0]
 [  0   0 240   0]
 [  0   0   0 175]]";90,98%;75,53%;75,11%;73,70%;73,96%;"[[65  4  4  0]
 [ 4 39 12  5]
 [ 2  5 49  4]
 [ 2  7  9 26]]";9,02%
152;{'n_estimators': 41, 'max_depth': 10, 'learning_rate': 0,4086530612244898};XGBoost;100,00%;100,00%;100,00%;100,00%;100,00%;"[[289   0   0   0]
 [  0 240   0   0]
 [  0   0 240   0]
 [  0   0   0 175]]";90,98%;72,15%;72,87%;69,91%;70,25%;"[[63  6  4  0]
 [ 7 37 13  3]
 [ 4  4 49  3]
 [ 4  7 11 22]]";9,02%
272;{'n_estimators': 72, 'max_depth': 8, 'learning_rate': 0,11514285714285714};XGBoost;100,00%;100,00%;100,00%;100,00%;100,00%;"[[289   0   0   0]
 [  0 240   0   0]
 [  0   0 240   0]
 [  0   0   0 175]]";90,99%;73,00%;73,38%;70,74%;71,00%;"[[63  4  5  1]
 [ 6 38 12  4]
 [ 4  4 50  2]
 [ 2  8 12 22]]";9,01%
290;{'n_estimators': 188, 'max_depth': 3, 'learning_rate': 0,033612244897959186};XGBoost;100,00%;99,15%;99,20%;99,01%;99,10%;"[[287   0   2   0]
 [  0 239   1   0]
 [  0   0 240   0]
 [  1   0   4 170]]";91,04%;72,57%;73,42%;69,72%;69,97%;"[[65  4  4  0]
 [ 5 40 13  2]
 [ 3  6 48  3]
 [ 3 10 12 19]]";8,96%
229;{'n_estimators': 165, 'max_depth': 18, 'min_samples_leaf': 1, 'criterion': 'gini'};RandomForest;100,00%;100,00%;100,00%;100,00%;100,00%;"[[289   0   0   0]
 [  0 240   0   0]
 [  0   0 240   0]
 [  0   0   0 175]]";91,05%;73,00%;74,67%;70,52%;70,85%;"[[64  5  4  0]
 [ 5 36 16  3]
 [ 2  5 52  1]
 [ 1 11 11 21]]";8,95%
119;{'n_estimators': 13, 'max_depth': 5, 'learning_rate': 0,6206326530612245};XGBoost;100,00%;100,00%;100,00%;100,00%;100,00%;"[[289   0   0   0]
 [  0 240   0   0]
 [  0   0 240   0]
 [  0   0   0 175]]";91,05%;75,11%;74,73%;72,83%;73,05%;"[[65  5  2  1]
 [ 6 40 11  3]
 [ 4  2 50  4]
 [ 2  8 11 23]]";8,95%
30;{'n_estimators': 44, 'max_depth': 7, 'min_data_in_leaf': 356, 'learning_rate': 0,7021632653061225};Lighgbm;99,66%;95,76%;95,67%;95,34%;95,48%;"[[284   1   2   2]
 [  1 226   8   5]
 [  1   5 234   0]
 [  3   5   7 160]]";90,76%;72,57%;72,24%;70,40%;70,73%;"[[64  6  3  0]
 [ 5 38 12  5]
 [ 4  6 47  3]
 [ 2 11  8 23]]";8,90%
158;{'n_estimators': 141, 'max_depth': 8, 'learning_rate': 0,5064897959183674};XGBoost;100,00%;100,00%;100,00%;100,00%;100,00%;"[[289   0   0   0]
 [  0 240   0   0]
 [  0   0 240   0]
 [  0   0   0 175]]";91,11%;72,57%;72,37%;70,70%;71,08%;"[[62  5  5  1]
 [ 7 41 10  2]
 [ 4  5 45  6]
 [ 2  7 11 24]]";8,89%
237;{'n_estimators': 48, 'max_depth': 14, 'min_data_in_leaf': 375, 'learning_rate': 0,8};Lighgbm;99,85%;97,14%;97,01%;96,70%;96,84%;"[[288   0   0   1]
 [  1 232   4   3]
 [  1   2 235   2]
 [  1   3   9 162]]";90,96%;72,15%;71,82%;69,99%;70,35%;"[[64  4  5  0]
 [ 4 39 14  3]
 [ 3  6 45  6]
 [ 2 10  9 23]]";8,88%
275;{'n_estimators': 60, 'max_depth': 4, 'learning_rate': 0,2455918367346939};XGBoost;100,00%;100,00%;100,00%;100,00%;100,00%;"[[289   0   0   0]
 [  0 240   0   0]
 [  0   0 240   0]
 [  0   0   0 175]]";91,14%;73,00%;72,48%;70,22%;70,39%;"[[66  3  4  0]
 [ 5 40 11  4]
 [ 4  5 47  4]
 [ 1 10 13 20]]";8,86%
95;{'n_estimators': 87, 'max_depth': 3, 'learning_rate': 0,13144897959183674};XGBoost;100,00%;100,00%;100,00%;100,00%;100,00%;"[[289   0   0   0]
 [  0 240   0   0]
 [  0   0 240   0]
 [  0   0   0 175]]";91,16%;73,00%;73,90%;70,29%;70,58%;"[[65  3  5  0]
 [ 6 39 12  3]
 [ 4  5 49  2]
 [ 1 11 12 20]]";8,84%
47;{'n_estimators': 91, 'max_depth': 17, 'learning_rate': 0,6858571428571428};XGBoost;100,00%;100,00%;100,00%;100,00%;100,00%;"[[289   0   0   0]
 [  0 240   0   0]
 [  0   0 240   0]
 [  0   0   0 175]]";91,22%;75,53%;76,12%;73,62%;74,18%;"[[64  3  5  1]
 [ 5 43 11  1]
 [ 4  5 47  4]
 [ 2  7 10 25]]";8,78%
288;{'n_estimators': 172, 'max_depth': 14, 'min_data_in_leaf': 366, 'learning_rate': 0,7021632653061225};Lighgbm;100,00%;100,00%;100,00%;100,00%;100,00%;"[[289   0   0   0]
 [  0 240   0   0]
 [  0   0 240   0]
 [  0   0   0 175]]";91,25%;72,15%;71,80%;70,21%;70,49%;"[[63  4  5  1]
 [ 5 37 13  5]
 [ 5  5 47  3]
 [ 2 10  8 24]]";8,75%
206;{'n_estimators': 25, 'max_depth': 20, 'learning_rate': 0,6858571428571428};XGBoost;100,00%;100,00%;100,00%;100,00%;100,00%;"[[289   0   0   0]
 [  0 240   0   0]
 [  0   0 240   0]
 [  0   0   0 175]]";91,26%;75,95%;76,75%;74,19%;74,67%;"[[64  3  5  1]
 [ 5 40 13  2]
 [ 3  4 50  3]
 [ 3  6  9 26]]";8,74%
48;{'n_estimators': 29, 'max_depth': 5, 'min_data_in_leaf': 183, 'learning_rate': 0,4575714285714286};Lighgbm;100,00%;99,89%;99,90%;99,86%;99,88%;"[[289   0   0   0]
 [  0 240   0   0]
 [  0   0 240   0]
 [  0   0   1 174]]";91,27%;75,95%;75,60%;74,04%;74,36%;"[[66  3  4  0]
 [ 3 40 12  5]
 [ 3  5 48  4]
 [ 2  6 10 26]]";8,73%
176;{'n_estimators': 165, 'max_depth': 15, 'learning_rate': 0,1966734693877551};XGBoost;100,00%;100,00%;100,00%;100,00%;100,00%;"[[289   0   0   0]
 [  0 240   0   0]
 [  0   0 240   0]
 [  0   0   0 175]]";91,27%;73,84%;74,53%;71,80%;72,15%;"[[64  3  5  1]
 [ 5 37 14  4]
 [ 4  4 50  2]
 [ 3  6 11 24]]";8,73%
6;{'n_estimators': 83, 'max_depth': 1, 'min_data_in_leaf': 212, 'learning_rate': 0,7673877551020408};Lighgbm;100,00%;100,00%;100,00%;100,00%;100,00%;"[[289   0   0   0]
 [  0 240   0   0]
 [  0   0 240   0]
 [  0   0   0 175]]";91,29%;72,57%;72,51%;70,63%;70,79%;"[[63  5  4  1]
 [ 5 35 14  6]
 [ 4  4 50  2]
 [ 0  8 12 24]]";8,71%
62;{'n_estimators': 79, 'max_depth': 18, 'learning_rate': 0,4738775510204082};XGBoost;100,00%;100,00%;100,00%;100,00%;100,00%;"[[289   0   0   0]
 [  0 240   0   0]
 [  0   0 240   0]
 [  0   0   0 175]]";91,31%;75,11%;75,57%;73,13%;73,51%;"[[63  4  5  1]
 [ 4 41 12  3]
 [ 4  3 50  3]
 [ 4  6 10 24]]";8,69%
131;{'n_estimators': 41, 'max_depth': 8, 'learning_rate': 0,4738775510204082};XGBoost;100,00%;100,00%;100,00%;100,00%;100,00%;"[[289   0   0   0]
 [  0 240   0   0]
 [  0   0 240   0]
 [  0   0   0 175]]";91,31%;74,26%;74,74%;71,92%;72,28%;"[[64  4  5  0]
 [ 5 41 11  3]
 [ 5  3 49  3]
 [ 3  9 10 22]]";8,69%
248;{'n_estimators': 137, 'max_depth': 2, 'learning_rate': 0,8};XGBoost;100,00%;100,00%;100,00%;100,00%;100,00%;"[[289   0   0   0]
 [  0 240   0   0]
 [  0   0 240   0]
 [  0   0   0 175]]";91,31%;74,26%;73,39%;72,00%;72,22%;"[[65  2  5  1]
 [ 5 41  9  5]
 [ 3  6 47  4]
 [ 2  8 11 23]]";8,69%
299;{'n_estimators': 110, 'max_depth': 6, 'learning_rate': 0,7836938775510204};XGBoost;100,00%;100,00%;100,00%;100,00%;100,00%;"[[289   0   0   0]
 [  0 240   0   0]
 [  0   0 240   0]
 [  0   0   0 175]]";91,32%;74,26%;74,16%;71,77%;71,86%;"[[64  3  4  2]
 [ 6 39 12  3]
 [ 2  4 52  2]
 [ 3 10 10 21]]";8,68%
203;{'n_estimators': 161, 'max_depth': 5, 'learning_rate': 0,7347755102040816};XGBoost;100,00%;100,00%;100,00%;100,00%;100,00%;"[[289   0   0   0]
 [  0 240   0   0]
 [  0   0 240   0]
 [  0   0   0 175]]";91,35%;73,84%;73,10%;71,66%;71,83%;"[[66  3  4  0]
 [ 5 37 13  5]
 [ 2  5 48  5]
 [ 2  8 10 24]]";8,65%
161;{'n_estimators': 87, 'max_depth': 3, 'learning_rate': 0,2455918367346939};XGBoost;100,00%;100,00%;100,00%;100,00%;100,00%;"[[289   0   0   0]
 [  0 240   0   0]
 [  0   0 240   0]
 [  0   0   0 175]]";91,35%;75,95%;77,73%;73,36%;73,79%;"[[65  3  5  0]
 [ 5 43 10  2]
 [ 3  5 51  1]
 [ 1 11 11 21]]";8,65%
293;{'n_estimators': 56, 'max_depth': 2, 'learning_rate': 0,7673877551020408};XGBoost;100,00%;100,00%;100,00%;100,00%;100,00%;"[[289   0   0   0]
 [  0 240   0   0]
 [  0   0 240   0]
 [  0   0   0 175]]";91,35%;75,95%;75,76%;73,44%;73,64%;"[[66  3  4  0]
 [ 6 41  8  5]
 [ 3  4 51  2]
 [ 1  8 13 22]]";8,65%
195;{'n_estimators': 10, 'max_depth': 9, 'min_data_in_leaf': 58, 'learning_rate': 0,033612244897959186};Lighgbm;96,92%;80,51%;82,07%;77,37%;77,50%;"[[275   2   9   3]
 [ 29 181  24   6]
 [  5   9 225   1]
 [ 21  27  48  79]]";88,28%;67,93%;70,17%;64,53%;64,20%;"[[63  6  4  0]
 [ 7 36 14  3]
 [ 5  7 48  0]
 [ 6 12 12 14]]";8,64%
113;{'n_estimators': 37, 'max_depth': 2, 'learning_rate': 0,2129795918367347};XGBoost;99,58%;94,49%;94,86%;93,80%;94,15%;"[[281   1   6   1]
 [  2 224  12   2]
 [  2   2 236   0]
 [  1   7  16 151]]";90,96%;73,42%;75,46%;70,63%;70,81%;"[[66  2  5  0]
 [ 5 35 17  3]
 [ 3  3 53  1]
 [ 2  9 13 20]]";8,62%
173;{'n_estimators': 60, 'max_depth': 9, 'learning_rate': 0,4575714285714286};XGBoost;100,00%;100,00%;100,00%;100,00%;100,00%;"[[289   0   0   0]
 [  0 240   0   0]
 [  0   0 240   0]
 [  0   0   0 175]]";91,39%;74,26%;75,17%;72,14%;72,57%;"[[63  4  5  1]
 [ 5 40 12  3]
 [ 4  4 50  2]
 [ 3  6 12 23]]";8,61%
230;{'n_estimators': 141, 'max_depth': 8, 'learning_rate': 0,7510816326530613};XGBoost;100,00%;100,00%;100,00%;100,00%;100,00%;"[[289   0   0   0]
 [  0 240   0   0]
 [  0   0 240   0]
 [  0   0   0 175]]";91,39%;75,11%;75,29%;72,98%;73,33%;"[[63  5  4  1]
 [ 4 43 10  3]
 [ 3  5 49  3]
 [ 2  7 12 23]]";8,61%
50;{'n_estimators': 83, 'max_depth': 11, 'learning_rate': 0,7021632653061225};XGBoost;100,00%;100,00%;100,00%;100,00%;100,00%;"[[289   0   0   0]
 [  0 240   0   0]
 [  0   0 240   0]
 [  0   0   0 175]]";91,39%;76,37%;77,10%;74,30%;74,74%;"[[64  3  5  1]
 [ 6 42 10  2]
 [ 4  2 51  3]
 [ 4  6 10 24]]";8,61%
278;{'n_estimators': 60, 'max_depth': 3, 'learning_rate': 0,6858571428571428};XGBoost;100,00%;100,00%;100,00%;100,00%;100,00%;"[[289   0   0   0]
 [  0 240   0   0]
 [  0   0 240   0]
 [  0   0   0 175]]";91,40%;74,26%;74,61%;71,84%;72,23%;"[[65  4  4  0]
 [ 5 41 11  3]
 [ 3  6 48  3]
 [ 3  8 11 22]]";8,60%
20;{'n_estimators': 165, 'max_depth': 15, 'learning_rate': 0,06622448979591837};XGBoost;100,00%;100,00%;100,00%;100,00%;100,00%;"[[289   0   0   0]
 [  0 240   0   0]
 [  0   0 240   0]
 [  0   0   0 175]]";91,42%;74,26%;74,84%;72,14%;72,46%;"[[63  4  5  1]
 [ 4 39 13  4]
 [ 3  4 51  2]
 [ 2  7 12 23]]";8,58%
35;{'n_estimators': 176, 'max_depth': 8, 'learning_rate': 0,2782040816326531};XGBoost;100,00%;100,00%;100,00%;100,00%;100,00%;"[[289   0   0   0]
 [  0 240   0   0]
 [  0   0 240   0]
 [  0   0   0 175]]";91,42%;74,68%;75,23%;72,41%;72,75%;"[[63  4  5  1]
 [ 6 42 10  2]
 [ 4  3 50  3]
 [ 3  8 11 22]]";8,58%
15;{'n_estimators': 145, 'max_depth': 13, 'min_data_in_leaf': 395, 'learning_rate': 0,8};Lighgbm;100,00%;100,00%;100,00%;100,00%;100,00%;"[[289   0   0   0]
 [  0 240   0   0]
 [  0   0 240   0]
 [  0   0   0 175]]";91,46%;74,26%;74,44%;72,22%;72,63%;"[[64  3  5  1]
 [ 4 40 13  3]
 [ 3  6 48  3]
 [ 2 10  8 24]]";8,54%
107;{'n_estimators': 99, 'max_depth': 18, 'learning_rate': 0,7836938775510204};XGBoost;100,00%;100,00%;100,00%;100,00%;100,00%;"[[289   0   0   0]
 [  0 240   0   0]
 [  0   0 240   0]
 [  0   0   0 175]]";91,47%;73,84%;73,79%;71,28%;71,50%;"[[65  3  4  1]
 [ 5 40 12  3]
 [ 3  5 49  3]
 [ 3  9 11 21]]";8,53%
23;{'n_estimators': 83, 'max_depth': 6, 'learning_rate': 0,6206326530612245};XGBoost;100,00%;100,00%;100,00%;100,00%;100,00%;"[[289   0   0   0]
 [  0 240   0   0]
 [  0   0 240   0]
 [  0   0   0 175]]";91,48%;75,95%;76,77%;73,58%;73,94%;"[[64  3  5  1]
 [ 4 43 11  2]
 [ 3  4 51  2]
 [ 3  9 10 22]]";8,52%
8;{'n_estimators': 60, 'max_depth': 19, 'learning_rate': 0,718469387755102};XGBoost;100,00%;100,00%;100,00%;100,00%;100,00%;"[[289   0   0   0]
 [  0 240   0   0]
 [  0   0 240   0]
 [  0   0   0 175]]";91,48%;75,95%;76,57%;73,89%;74,28%;"[[64  3  5  1]
 [ 3 41 13  3]
 [ 3  4 51  2]
 [ 3  8  9 24]]";8,52%
0;{'n_estimators': 91, 'max_depth': 4, 'min_data_in_leaf': 385, 'learning_rate': 0,6369387755102041};Lighgbm;100,00%;99,89%;99,91%;99,86%;99,89%;"[[289   0   0   0]
 [  0 240   0   0]
 [  0   0 240   0]
 [  1   0   0 174]]";91,50%;74,68%;74,86%;72,49%;72,77%;"[[64  5  4  0]
 [ 3 39 13  5]
 [ 2  5 51  2]
 [ 2  9 10 23]]";8,50%
249;{'n_estimators': 168, 'max_depth': 5, 'min_data_in_leaf': 97, 'learning_rate': 0,4575714285714286};Lighgbm;100,00%;100,00%;100,00%;100,00%;100,00%;"[[289   0   0   0]
 [  0 240   0   0]
 [  0   0 240   0]
 [  0   0   0 175]]";91,51%;73,42%;74,48%;71,08%;71,49%;"[[64  5  4  0]
 [ 6 38 13  3]
 [ 3  5 50  2]
 [ 1  9 12 22]]";8,49%
75;{'n_estimators': 161, 'max_depth': 7, 'min_data_in_leaf': 29, 'learning_rate': 0,6206326530612245};Lighgbm;100,00%;100,00%;100,00%;100,00%;100,00%;"[[289   0   0   0]
 [  0 240   0   0]
 [  0   0 240   0]
 [  0   0   0 175]]";91,51%;73,84%;73,21%;71,50%;71,71%;"[[66  3  4  0]
 [ 6 38 11  5]
 [ 3  5 48  4]
 [ 2  8 11 23]]";8,49%
159;{'n_estimators': 41, 'max_depth': 8, 'min_data_in_leaf': 29, 'learning_rate': 0,31081632653061225};Lighgbm;100,00%;100,00%;100,00%;100,00%;100,00%;"[[289   0   0   0]
 [  0 240   0   0]
 [  0   0 240   0]
 [  0   0   0 175]]";91,54%;75,95%;77,60%;73,06%;73,37%;"[[67  2  4  0]
 [ 6 42 10  2]
 [ 4  4 51  1]
 [ 2 10 12 20]]";8,46%
188;{'n_estimators': 192, 'max_depth': 8, 'learning_rate': 0,718469387755102};XGBoost;100,00%;100,00%;100,00%;100,00%;100,00%;"[[289   0   0   0]
 [  0 240   0   0]
 [  0   0 240   0]
 [  0   0   0 175]]";91,55%;74,26%;74,10%;71,92%;72,23%;"[[64  3  5  1]
 [ 3 42 12  3]
 [ 3  4 48  5]
 [ 2  7 13 22]]";8,45%
189;{'n_estimators': 184, 'max_depth': 16, 'min_data_in_leaf': 385, 'learning_rate': 0,4901836734693878};Lighgbm;100,00%;100,00%;100,00%;100,00%;100,00%;"[[289   0   0   0]
 [  0 240   0   0]
 [  0   0 240   0]
 [  0   0   0 175]]";91,56%;75,53%;75,13%;73,55%;73,81%;"[[65  5  3  0]
 [ 4 39 11  6]
 [ 3  5 50  2]
 [ 2  8  9 25]]";8,44%
180;{'n_estimators': 52, 'max_depth': 5, 'min_data_in_leaf': 241, 'learning_rate': 0,4086530612244898};Lighgbm;100,00%;100,00%;100,00%;100,00%;100,00%;"[[289   0   0   0]
 [  0 240   0   0]
 [  0   0 240   0]
 [  0   0   0 175]]";91,57%;76,79%;77,57%;74,50%;74,98%;"[[65  4  4  0]
 [ 3 45 10  2]
 [ 3  5 49  3]
 [ 2  7 12 23]]";8,43%
251;{'n_estimators': 64, 'max_depth': 16, 'learning_rate': 0,2292857142857143};XGBoost;100,00%;100,00%;100,00%;100,00%;100,00%;"[[289   0   0   0]
 [  0 240   0   0]
 [  0   0 240   0]
 [  0   0   0 175]]";91,59%;73,42%;73,65%;71,31%;71,60%;"[[63  6  4  0]
 [ 5 38 12  5]
 [ 4  4 50  2]
 [ 2  8 11 23]]";8,41%
14;{'n_estimators': 114, 'max_depth': 15, 'learning_rate': 0,6206326530612245};XGBoost;100,00%;100,00%;100,00%;100,00%;100,00%;"[[289   0   0   0]
 [  0 240   0   0]
 [  0   0 240   0]
 [  0   0   0 175]]";91,60%;75,95%;75,94%;73,81%;74,06%;"[[63  4  5  1]
 [ 3 43 10  4]
 [ 3  3 51  3]
 [ 2  7 12 23]]";8,40%
38;{'n_estimators': 103, 'max_depth': 14, 'learning_rate': 0,6858571428571428};XGBoost;100,00%;100,00%;100,00%;100,00%;100,00%;"[[289   0   0   0]
 [  0 240   0   0]
 [  0   0 240   0]
 [  0   0   0 175]]";91,61%;74,68%;74,62%;72,49%;72,69%;"[[64  3  5  1]
 [ 5 39 12  4]
 [ 3  3 51  3]
 [ 3  8 10 23]]";8,39%
209;{'n_estimators': 41, 'max_depth': 19, 'learning_rate': 0,5064897959183674};XGBoost;100,00%;100,00%;100,00%;100,00%;100,00%;"[[289   0   0   0]
 [  0 240   0   0]
 [  0   0 240   0]
 [  0   0   0 175]]";91,61%;73,00%;72,87%;70,97%;71,28%;"[[64  5  3  1]
 [ 5 38 13  4]
 [ 4  4 47  5]
 [ 2  4 14 24]]";8,39%
51;{'n_estimators': 134, 'max_depth': 4, 'min_data_in_leaf': 183, 'learning_rate': 0,7836938775510204};Lighgbm;100,00%;100,00%;100,00%;100,00%;100,00%;"[[289   0   0   0]
 [  0 240   0   0]
 [  0   0 240   0]
 [  0   0   0 175]]";91,63%;75,11%;75,23%;72,90%;73,29%;"[[64  3  5  1]
 [ 4 43  9  4]
 [ 4  6 48  2]
 [ 0  9 12 23]]";8,37%
239;{'n_estimators': 165, 'max_depth': 10, 'learning_rate': 0,5391020408163265};XGBoost;100,00%;100,00%;100,00%;100,00%;100,00%;"[[289   0   0   0]
 [  0 240   0   0]
 [  0   0 240   0]
 [  0   0   0 175]]";91,65%;73,84%;73,97%;71,73%;72,13%;"[[63  4  5  1]
 [ 6 42 10  2]
 [ 4  4 47  5]
 [ 2  6 13 23]]";8,35%
197;{'n_estimators': 122, 'max_depth': 13, 'learning_rate': 0,718469387755102};XGBoost;100,00%;100,00%;100,00%;100,00%;100,00%;"[[289   0   0   0]
 [  0 240   0   0]
 [  0   0 240   0]
 [  0   0   0 175]]";91,66%;73,42%;72,54%;71,39%;71,45%;"[[64  3  5  1]
 [ 4 37 12  7]
 [ 3  4 49  4]
 [ 3  7 10 24]]";8,34%
59;{'n_estimators': 180, 'max_depth': 12, 'learning_rate': 0,2292857142857143};XGBoost;100,00%;100,00%;100,00%;100,00%;100,00%;"[[289   0   0   0]
 [  0 240   0   0]
 [  0   0 240   0]
 [  0   0   0 175]]";91,66%;75,95%;76,47%;73,89%;74,31%;"[[64  4  4  1]
 [ 5 42 10  3]
 [ 4  4 50  2]
 [ 3  6 11 24]]";8,34%
219;{'n_estimators': 153, 'max_depth': 17, 'min_data_in_leaf': 356, 'learning_rate': 0,718469387755102};Lighgbm;100,00%;100,00%;100,00%;100,00%;100,00%;"[[289   0   0   0]
 [  0 240   0   0]
 [  0   0 240   0]
 [  0   0   0 175]]";91,68%;75,53%;74,78%;73,62%;73,86%;"[[64  3  5  1]
 [ 4 42 10  4]
 [ 2  5 48  5]
 [ 2  9  8 25]]";8,32%
285;{'n_estimators': 184, 'max_depth': 16, 'min_data_in_leaf': 395, 'learning_rate': 0,7347755102040816};Lighgbm;100,00%;100,00%;100,00%;100,00%;100,00%;"[[289   0   0   0]
 [  0 240   0   0]
 [  0   0 240   0]
 [  0   0   0 175]]";91,70%;74,68%;75,05%;72,56%;73,03%;"[[65  3  5  0]
 [ 4 40 13  3]
 [ 3  6 48  3]
 [ 3 10  7 24]]";8,30%
236;{'n_estimators': 64, 'max_depth': 18, 'learning_rate': 0,5554081632653062};XGBoost;100,00%;100,00%;100,00%;100,00%;100,00%;"[[289   0   0   0]
 [  0 240   0   0]
 [  0   0 240   0]
 [  0   0   0 175]]";91,72%;73,42%;72,66%;70,93%;71,08%;"[[64  4  4  1]
 [ 4 41 11  4]
 [ 4  4 48  4]
 [ 4  9 10 21]]";8,28%
17;{'n_estimators': 110, 'max_depth': 3, 'learning_rate': 0,14775510204081632};XGBoost;100,00%;100,00%;100,00%;100,00%;100,00%;"[[289   0   0   0]
 [  0 240   0   0]
 [  0   0 240   0]
 [  0   0   0 175]]";91,74%;74,26%;75,90%;71,54%;71,92%;"[[65  3  5  0]
 [ 5 41 11  3]
 [ 3  6 50  1]
 [ 0  9 15 20]]";8,26%
98;{'n_estimators': 161, 'max_depth': 9, 'learning_rate': 0,08253061224489797};XGBoost;100,00%;100,00%;100,00%;100,00%;100,00%;"[[289   0   0   0]
 [  0 240   0   0]
 [  0   0 240   0]
 [  0   0   0 175]]";91,75%;73,42%;73,70%;71,16%;71,36%;"[[63  4  5  1]
 [ 5 38 12  5]
 [ 4  4 51  1]
 [ 3  8 11 22]]";8,25%
101;{'n_estimators': 87, 'max_depth': 19, 'learning_rate': 0,29451020408163264};XGBoost;100,00%;100,00%;100,00%;100,00%;100,00%;"[[289   0   0   0]
 [  0 240   0   0]
 [  0   0 240   0]
 [  0   0   0 175]]";91,77%;73,84%;73,81%;71,28%;71,45%;"[[65  4  4  0]
 [ 5 39 11  5]
 [ 4  4 50  2]
 [ 3  8 12 21]]";8,23%
257;{'n_estimators': 145, 'max_depth': 18, 'learning_rate': 0,4575714285714286};XGBoost;100,00%;100,00%;100,00%;100,00%;100,00%;"[[289   0   0   0]
 [  0 240   0   0]
 [  0   0 240   0]
 [  0   0   0 175]]";91,78%;74,68%;75,10%;72,33%;72,66%;"[[64  3  5  1]
 [ 5 41 11  3]
 [ 4  3 50  3]
 [ 2  7 13 22]]";8,22%
164;{'n_estimators': 161, 'max_depth': 5, 'learning_rate': 0,11514285714285714};XGBoost;100,00%;100,00%;100,00%;100,00%;100,00%;"[[289   0   0   0]
 [  0 240   0   0]
 [  0   0 240   0]
 [  0   0   0 175]]";91,79%;76,37%;78,46%;74,16%;74,87%;"[[66  2  5  0]
 [ 5 41 12  2]
 [ 4  5 50  1]
 [ 2  6 12 24]]";8,21%
121;{'n_estimators': 149, 'max_depth': 14, 'min_samples_leaf': 20, 'criterion': 'gini'};RandomForest;97,68%;82,63%;84,18%;80,52%;80,92%;"[[258  13  13   5]
 [ 13 191  32   4]
 [  1   7 232   0]
 [  7  31  38  99]]";89,48%;73,00%;74,59%;69,99%;69,87%;"[[65  4  4  0]
 [ 4 35 17  4]
 [ 1  4 55  0]
 [ 1 13 12 18]]";8,20%
2;{'n_estimators': 118, 'max_depth': 4, 'learning_rate': 0,5064897959183674};XGBoost;100,00%;100,00%;100,00%;100,00%;100,00%;"[[289   0   0   0]
 [  0 240   0   0]
 [  0   0 240   0]
 [  0   0   0 175]]";91,80%;74,68%;74,42%;72,26%;72,55%;"[[65  3  5  0]
 [ 6 42  8  4]
 [ 3  5 48  4]
 [ 1  7 14 22]]";8,20%
41;{'n_estimators': 103, 'max_depth': 4, 'learning_rate': 0,5064897959183674};XGBoost;100,00%;100,00%;100,00%;100,00%;100,00%;"[[289   0   0   0]
 [  0 240   0   0]
 [  0   0 240   0]
 [  0   0   0 175]]";91,81%;74,68%;74,84%;72,26%;72,62%;"[[65  3  5  0]
 [ 6 42  9  3]
 [ 3  5 48  4]
 [ 1  7 14 22]]";8,19%
146;{'n_estimators': 68, 'max_depth': 10, 'learning_rate': 0,32712244897959186};XGBoost;100,00%;100,00%;100,00%;100,00%;100,00%;"[[289   0   0   0]
 [  0 240   0   0]
 [  0   0 240   0]
 [  0   0   0 175]]";91,81%;72,57%;72,77%;70,02%;70,22%;"[[63  4  5  1]
 [ 5 40 12  3]
 [ 4  4 49  3]
 [ 3  9 12 20]]";8,19%
242;{'n_estimators': 29, 'max_depth': 7, 'learning_rate': 0,6369387755102041};XGBoost;100,00%;100,00%;100,00%;100,00%;100,00%;"[[289   0   0   0]
 [  0 240   0   0]
 [  0   0 240   0]
 [  0   0   0 175]]";91,82%;75,11%;74,82%;72,75%;72,92%;"[[64  3  5  1]
 [ 5 41 10  4]
 [ 4  2 51  3]
 [ 1 10 11 22]]";8,18%
148;{'n_estimators': 168, 'max_depth': 18, 'min_samples_leaf': 20, 'criterion': 'gini'};RandomForest;97,67%;81,99%;83,58%;79,93%;80,32%;"[[256  14  13   6]
 [ 13 187  36   4]
 [  1   7 232   0]
 [  7  30  39  99]]";89,49%;73,42%;75,00%;70,18%;69,97%;"[[66  3  4  0]
 [ 3 36 17  4]
 [ 1  4 55  0]
 [ 1 13 13 17]]";8,18%
24;{'n_estimators': 114, 'max_depth': 8, 'min_data_in_leaf': 279, 'learning_rate': 0,2455918367346939};Lighgbm;100,00%;100,00%;100,00%;100,00%;100,00%;"[[289   0   0   0]
 [  0 240   0   0]
 [  0   0 240   0]
 [  0   0   0 175]]";91,83%;73,84%;73,79%;71,80%;72,19%;"[[64  4  5  0]
 [ 4 40 12  4]
 [ 3  6 47  4]
 [ 2  8 10 24]]";8,17%
228;{'n_estimators': 172, 'max_depth': 9, 'min_data_in_leaf': 347, 'learning_rate': 0,3923469387755102};Lighgbm;100,00%;100,00%;100,00%;100,00%;100,00%;"[[289   0   0   0]
 [  0 240   0   0]
 [  0   0 240   0]
 [  0   0   0 175]]";91,84%;77,64%;77,86%;75,78%;76,25%;"[[65  5  3  0]
 [ 3 44  9  4]
 [ 4  5 49  2]
 [ 1  7 10 26]]";8,16%
162;{'n_estimators': 56, 'max_depth': 19, 'min_data_in_leaf': 29, 'learning_rate': 0,5717142857142857};Lighgbm;100,00%;100,00%;100,00%;100,00%;100,00%;"[[289   0   0   0]
 [  0 240   0   0]
 [  0   0 240   0]
 [  0   0   0 175]]";91,86%;75,95%;77,28%;73,66%;74,10%;"[[65  3  5  0]
 [ 6 40 11  3]
 [ 2  5 52  1]
 [ 2  8 11 23]]";8,14%
74;{'n_estimators': 114, 'max_depth': 11, 'learning_rate': 0,29451020408163264};XGBoost;100,00%;100,00%;100,00%;100,00%;100,00%;"[[289   0   0   0]
 [  0 240   0   0]
 [  0   0 240   0]
 [  0   0   0 175]]";91,86%;76,37%;77,55%;74,23%;74,74%;"[[65  3  5  0]
 [ 4 41 12  3]
 [ 4  3 51  2]
 [ 3  6 11 24]]";8,14%
63;{'n_estimators': 79, 'max_depth': 8, 'min_data_in_leaf': 1, 'learning_rate': 0,1966734693877551};Lighgbm;100,00%;100,00%;100,00%;100,00%;100,00%;"[[289   0   0   0]
 [  0 240   0   0]
 [  0   0 240   0]
 [  0   0   0 175]]";91,86%;75,53%;76,94%;72,94%;73,32%;"[[65  3  4  1]
 [ 6 42 11  1]
 [ 3  4 51  2]
 [ 2  8 13 21]]";8,14%
77;{'n_estimators': 165, 'max_depth': 15, 'learning_rate': 0,6532448979591837};XGBoost;100,00%;100,00%;100,00%;100,00%;100,00%;"[[289   0   0   0]
 [  0 240   0   0]
 [  0   0 240   0]
 [  0   0   0 175]]";91,87%;75,53%;75,48%;73,47%;73,88%;"[[64  3  5  1]
 [ 4 44 10  2]
 [ 4  4 47  5]
 [ 3  6 11 24]]";8,13%
254;{'n_estimators': 192, 'max_depth': 3, 'learning_rate': 0,441265306122449};XGBoost;100,00%;100,00%;100,00%;100,00%;100,00%;"[[289   0   0   0]
 [  0 240   0   0]
 [  0   0 240   0]
 [  0   0   0 175]]";91,88%;73,84%;74,29%;71,58%;71,97%;"[[63  5  4  1]
 [ 5 42 10  3]
 [ 4  6 48  2]
 [ 1 11 10 22]]";8,12%
149;{'n_estimators': 56, 'max_depth': 13, 'learning_rate': 0,5064897959183674};XGBoost;100,00%;100,00%;100,00%;100,00%;100,00%;"[[289   0   0   0]
 [  0 240   0   0]
 [  0   0 240   0]
 [  0   0   0 175]]";91,88%;76,37%;76,63%;74,46%;74,84%;"[[64  3  5  1]
 [ 4 42 10  4]
 [ 4  3 50  3]
 [ 4  4 11 25]]";8,12%
11;{'n_estimators': 122, 'max_depth': 11, 'learning_rate': 0,29451020408163264};XGBoost;100,00%;100,00%;100,00%;100,00%;100,00%;"[[289   0   0   0]
 [  0 240   0   0]
 [  0   0 240   0]
 [  0   0   0 175]]";91,89%;76,79%;77,86%;74,65%;75,15%;"[[65  3  5  0]
 [ 4 42 11  3]
 [ 4  3 51  2]
 [ 3  6 11 24]]";8,11%
191;{'n_estimators': 188, 'max_depth': 5, 'learning_rate': 0,522795918367347};XGBoost;100,00%;100,00%;100,00%;100,00%;100,00%;"[[289   0   0   0]
 [  0 240   0   0]
 [  0   0 240   0]
 [  0   0   0 175]]";91,89%;73,84%;74,51%;71,58%;71,96%;"[[63  4  5  1]
 [ 5 41 12  2]
 [ 3  5 49  3]
 [ 3  8 11 22]]";8,11%
36;{'n_estimators': 68, 'max_depth': 16, 'min_data_in_leaf': 395, 'learning_rate': 0,4575714285714286};Lighgbm;99,53%;94,92%;94,78%;94,24%;94,46%;"[[284   1   2   2]
 [  3 227   6   4]
 [  1   4 232   3]
 [  4   7  11 153]]";91,45%;74,68%;74,52%;72,26%;72,43%;"[[65  4  4  0]
 [ 4 38 12  6]
 [ 2  5 52  1]
 [ 1 12  9 22]]";8,09%
143;{'n_estimators': 176, 'max_depth': 14, 'learning_rate': 0,1966734693877551};XGBoost;100,00%;100,00%;100,00%;100,00%;100,00%;"[[289   0   0   0]
 [  0 240   0   0]
 [  0   0 240   0]
 [  0   0   0 175]]";91,93%;75,53%;76,29%;73,17%;73,58%;"[[64  4  4  1]
 [ 4 44 11  1]
 [ 4  4 49  3]
 [ 3  9 10 22]]";8,07%
80;{'n_estimators': 122, 'max_depth': 8, 'learning_rate': 0,3434285714285714};XGBoost;100,00%;100,00%;100,00%;100,00%;100,00%;"[[289   0   0   0]
 [  0 240   0   0]
 [  0   0 240   0]
 [  0   0   0 175]]";91,95%;75,11%;75,90%;72,75%;73,10%;"[[64  3  5  1]
 [ 5 41 12  2]
 [ 4  2 51  3]
 [ 4  7 11 22]]";8,05%
111;{'n_estimators': 157, 'max_depth': 11, 'min_data_in_leaf': 414, 'learning_rate': 0,5064897959183674};Lighgbm;100,00%;100,00%;100,00%;100,00%;100,00%;"[[289   0   0   0]
 [  0 240   0   0]
 [  0   0 240   0]
 [  0   0   0 175]]";91,96%;75,95%;76,14%;73,81%;74,16%;"[[65  4  4  0]
 [ 5 40 11  4]
 [ 2  5 51  2]
 [ 2 10  8 24]]";8,04%
296;{'n_estimators': 157, 'max_depth': 9, 'learning_rate': 0,8};XGBoost;100,00%;100,00%;100,00%;100,00%;100,00%;"[[289   0   0   0]
 [  0 240   0   0]
 [  0   0 240   0]
 [  0   0   0 175]]";91,96%;75,11%;74,57%;73,43%;73,66%;"[[61  5  5  2]
 [ 4 44  8  4]
 [ 4  4 48  4]
 [ 2  7 10 25]]";8,04%
167;{'n_estimators': 106, 'max_depth': 17, 'learning_rate': 0,2455918367346939};XGBoost;100,00%;100,00%;100,00%;100,00%;100,00%;"[[289   0   0   0]
 [  0 240   0   0]
 [  0   0 240   0]
 [  0   0   0 175]]";91,96%;74,26%;74,72%;72,07%;72,40%;"[[64  3  5  1]
 [ 5 39 12  4]
 [ 4  4 50  2]
 [ 2  7 12 23]]";8,04%
104;{'n_estimators': 161, 'max_depth': 12, 'learning_rate': 0,359734693877551};XGBoost;100,00%;100,00%;100,00%;100,00%;100,00%;"[[289   0   0   0]
 [  0 240   0   0]
 [  0   0 240   0]
 [  0   0   0 175]]";91,97%;75,11%;76,18%;72,83%;73,30%;"[[65  3  5  0]
 [ 5 40 12  3]
 [ 4  4 50  2]
 [ 3  7 11 23]]";8,03%
128;{'n_estimators': 165, 'max_depth': 6, 'learning_rate': 0,3923469387755102};XGBoost;100,00%;100,00%;100,00%;100,00%;100,00%;"[[289   0   0   0]
 [  0 240   0   0]
 [  0   0 240   0]
 [  0   0   0 175]]";91,97%;77,22%;78,19%;74,69%;75,11%;"[[66  4  3  0]
 [ 3 45 10  2]
 [ 4  4 50  2]
 [ 2  9 11 22]]";8,03%
171;{'n_estimators': 114, 'max_depth': 17, 'min_data_in_leaf': 193, 'learning_rate': 0,8};Lighgbm;100,00%;100,00%;100,00%;100,00%;100,00%;"[[289   0   0   0]
 [  0 240   0   0]
 [  0   0 240   0]
 [  0   0   0 175]]";91,98%;75,53%;76,40%;73,32%;73,77%;"[[64  3  5  1]
 [ 6 42 11  1]
 [ 2  5 50  3]
 [ 2  9 10 23]]";8,02%
132;{'n_estimators': 134, 'max_depth': 7, 'min_data_in_leaf': 443, 'learning_rate': 0,4249591836734694};Lighgbm;99,95%;98,83%;98,81%;98,58%;98,69%;"[[289   0   0   0]
 [  1 237   0   2]
 [  0   1 239   0]
 [  1   2   4 168]]";91,95%;75,95%;75,36%;74,04%;74,29%;"[[66  3  4  0]
 [ 5 40 11  4]
 [ 2  4 48  6]
 [ 2  6 10 26]]";8,00%
273;{'n_estimators': 149, 'max_depth': 9, 'min_data_in_leaf': 404, 'learning_rate': 0,1966734693877551};Lighgbm;99,41%;93,64%;93,63%;92,73%;93,07%;"[[283   1   2   3]
 [  3 226   8   3]
 [  3   6 229   2]
 [  4  12  13 146]]";91,42%;75,53%;76,20%;73,25%;73,60%;"[[65  4  4  0]
 [ 5 39 12  4]
 [ 2  5 52  1]
 [ 1 11  9 23]]";7,98%
221;{'n_estimators': 188, 'max_depth': 14, 'learning_rate': 0,7510816326530613};XGBoost;100,00%;100,00%;100,00%;100,00%;100,00%;"[[289   0   0   0]
 [  0 240   0   0]
 [  0   0 240   0]
 [  0   0   0 175]]";92,02%;77,22%;77,47%;75,44%;75,81%;"[[64  3  5  1]
 [ 4 42 11  3]
 [ 3  3 51  3]
 [ 4  6  8 26]]";7,98%
218;{'n_estimators': 110, 'max_depth': 5, 'learning_rate': 0,1803673469387755};XGBoost;100,00%;100,00%;100,00%;100,00%;100,00%;"[[289   0   0   0]
 [  0 240   0   0]
 [  0   0 240   0]
 [  0   0   0 175]]";92,02%;75,53%;75,96%;73,40%;73,91%;"[[65  4  4  0]
 [ 5 43 10  2]
 [ 4  5 47  4]
 [ 3  6 11 24]]";7,98%
68;{'n_estimators': 114, 'max_depth': 19, 'learning_rate': 0,441265306122449};XGBoost;100,00%;100,00%;100,00%;100,00%;100,00%;"[[289   0   0   0]
 [  0 240   0   0]
 [  0   0 240   0]
 [  0   0   0 175]]";92,02%;77,64%;78,27%;75,41%;75,89%;"[[66  3  4  0]
 [ 5 44  8  3]
 [ 4  4 50  2]
 [ 3  6 11 24]]";7,98%
247;{'n_estimators': 130, 'max_depth': 18, 'min_samples_leaf': 20, 'criterion': 'entropy'};RandomForest;97,87%;82,31%;84,34%;79,82%;80,21%;"[[265  10  12   2]
 [ 15 190  31   4]
 [  1   9 230   0]
 [  6  32  45  92]]";89,90%;72,57%;74,17%;69,72%;69,72%;"[[65  3  5  0]
 [ 5 34 17  4]
 [ 1  5 54  0]
 [ 2 12 11 19]]";7,98%
110;{'n_estimators': 165, 'max_depth': 10, 'learning_rate': 0,6858571428571428};XGBoost;100,00%;100,00%;100,00%;100,00%;100,00%;"[[289   0   0   0]
 [  0 240   0   0]
 [  0   0 240   0]
 [  0   0   0 175]]";92,03%;73,84%;72,93%;71,65%;71,85%;"[[64  3  5  1]
 [ 4 41  9  6]
 [ 4  5 47  4]
 [ 2  7 12 23]]";7,97%
65;{'n_estimators': 137, 'max_depth': 11, 'learning_rate': 0,1966734693877551};XGBoost;100,00%;100,00%;100,00%;100,00%;100,00%;"[[289   0   0   0]
 [  0 240   0   0]
 [  0   0 240   0]
 [  0   0   0 175]]";92,03%;73,84%;74,39%;71,35%;71,67%;"[[64  4  4  1]
 [ 5 41 12  2]
 [ 4  4 49  3]
 [ 3  8 12 21]]";7,97%
86;{'n_estimators': 149, 'max_depth': 7, 'learning_rate': 0,359734693877551};XGBoost;100,00%;100,00%;100,00%;100,00%;100,00%;"[[289   0   0   0]
 [  0 240   0   0]
 [  0   0 240   0]
 [  0   0   0 175]]";92,03%;75,11%;74,90%;72,90%;73,20%;"[[64  3  5  1]
 [ 4 42 10  4]
 [ 3  5 49  3]
 [ 2  8 11 23]]";7,97%
123;{'n_estimators': 48, 'max_depth': 7, 'min_data_in_leaf': 106, 'learning_rate': 0,6532448979591837};Lighgbm;100,00%;100,00%;100,00%;100,00%;100,00%;"[[289   0   0   0]
 [  0 240   0   0]
 [  0   0 240   0]
 [  0   0   0 175]]";92,03%;78,48%;79,12%;76,62%;77,12%;"[[65  4  4  0]
 [ 5 44  9  2]
 [ 3  3 51  3]
 [ 1  7 10 26]]";7,97%
29;{'n_estimators': 157, 'max_depth': 19, 'learning_rate': 0,5717142857142857};XGBoost;100,00%;100,00%;100,00%;100,00%;100,00%;"[[289   0   0   0]
 [  0 240   0   0]
 [  0   0 240   0]
 [  0   0   0 175]]";92,04%;74,26%;74,15%;72,07%;72,36%;"[[64  4  5  0]
 [ 4 40 12  4]
 [ 3  4 49  4]
 [ 3  8 10 23]]";7,96%
250;{'n_estimators': 192, 'max_depth': 4, 'min_samples_leaf': 1, 'criterion': 'entropy'};RandomForest;96,62%;79,56%;83,29%;76,94%;77,42%;"[[259  10  17   3]
 [  5 175  57   3]
 [  1   7 232   0]
 [  4  27  59  85]]";88,69%;71,73%;73,82%;68,51%;68,13%;"[[64  3  6  0]
 [ 3 34 19  4]
 [ 1  3 56  0]
 [ 1 14 13 16]]";7,94%
81;{'n_estimators': 56, 'max_depth': 16, 'min_data_in_leaf': 327, 'learning_rate': 0,4086530612244898};Lighgbm;99,46%;94,92%;94,81%;94,35%;94,53%;"[[284   1   1   3]
 [  2 224  11   3]
 [  1   5 232   2]
 [  1   7  11 156]]";91,53%;74,68%;74,61%;72,64%;72,85%;"[[64  5  4  0]
 [ 6 37 11  6]
 [ 2  5 52  1]
 [ 1 10  9 24]]";7,93%
222;{'n_estimators': 79, 'max_depth': 9, 'min_data_in_leaf': 49, 'learning_rate': 0,6532448979591837};Lighgbm;100,00%;100,00%;100,00%;100,00%;100,00%;"[[289   0   0   0]
 [  0 240   0   0]
 [  0   0 240   0]
 [  0   0   0 175]]";92,07%;77,22%;78,29%;75,06%;75,53%;"[[65  3  5  0]
 [ 3 42 11  4]
 [ 3  4 52  1]
 [ 2  6 12 24]]";7,93%
27;{'n_estimators': 126, 'max_depth': 2, 'min_data_in_leaf': 289, 'learning_rate': 0,14775510204081632};Lighgbm;99,86%;97,99%;98,01%;97,65%;97,80%;"[[288   0   1   0]
 [  1 233   4   2]
 [  0   1 239   0]
 [  1   3   6 165]]";91,94%;73,84%;73,71%;71,43%;71,70%;"[[65  3  5  0]
 [ 4 39 12  5]
 [ 2  6 49  3]
 [ 1  9 12 22]]";7,92%
297;{'n_estimators': 21, 'max_depth': 10, 'min_data_in_leaf': 68, 'learning_rate': 0,3923469387755102};Lighgbm;100,00%;100,00%;100,00%;100,00%;100,00%;"[[289   0   0   0]
 [  0 240   0   0]
 [  0   0 240   0]
 [  0   0   0 175]]";92,09%;73,84%;75,58%;71,42%;71,88%;"[[63  5  5  0]
 [ 6 41 11  2]
 [ 3  5 50  2]
 [ 2  7 14 21]]";7,91%
216;{'n_estimators': 172, 'max_depth': 1, 'min_data_in_leaf': 318, 'learning_rate': 0,7021632653061225};Lighgbm;100,00%;100,00%;100,00%;100,00%;100,00%;"[[289   0   0   0]
 [  0 240   0   0]
 [  0   0 240   0]
 [  0   0   0 175]]";92,09%;77,22%;77,84%;75,29%;75,80%;"[[64  7  2  0]
 [ 4 44  8  4]
 [ 3  6 50  1]
 [ 1  9  9 25]]";7,91%
170;{'n_estimators': 122, 'max_depth': 15, 'learning_rate': 0,522795918367347};XGBoost;100,00%;100,00%;100,00%;100,00%;100,00%;"[[289   0   0   0]
 [  0 240   0   0]
 [  0   0 240   0]
 [  0   0   0 175]]";92,11%;73,84%;73,49%;71,73%;72,00%;"[[63  4  5  1]
 [ 5 41 10  4]
 [ 4  4 48  4]
 [ 3  7 11 23]]";7,89%
258;{'n_estimators': 56, 'max_depth': 20, 'min_data_in_leaf': 347, 'learning_rate': 0,522795918367347};Lighgbm;99,60%;96,08%;96,01%;95,60%;95,77%;"[[285   1   1   2]
 [  2 229   5   4]
 [  1   5 234   0]
 [  1   4  11 159]]";91,70%;74,68%;73,82%;72,64%;72,76%;"[[66  5  2  0]
 [ 6 36 12  6]
 [ 2  5 50  3]
 [ 2  9  8 25]]";7,89%
21;{'n_estimators': 176, 'max_depth': 6, 'min_data_in_leaf': 183, 'learning_rate': 0,604326530612245};Lighgbm;100,00%;100,00%;100,00%;100,00%;100,00%;"[[289   0   0   0]
 [  0 240   0   0]
 [  0   0 240   0]
 [  0   0   0 175]]";92,11%;75,95%;77,30%;73,81%;74,33%;"[[63  4  5  1]
 [ 5 44 10  1]
 [ 2  6 50  2]
 [ 2  9 10 23]]";7,89%
155;{'n_estimators': 103, 'max_depth': 7, 'learning_rate': 0,37604081632653064};XGBoost;100,00%;100,00%;100,00%;100,00%;100,00%;"[[289   0   0   0]
 [  0 240   0   0]
 [  0   0 240   0]
 [  0   0   0 175]]";92,12%;73,42%;72,46%;70,70%;70,68%;"[[63  4  5  1]
 [ 4 43  9  4]
 [ 3  4 49  4]
 [ 2 12 11 19]]";7,88%
234;{'n_estimators': 168, 'max_depth': 8, 'min_data_in_leaf': 443, 'learning_rate': 0,3923469387755102};Lighgbm;99,99%;99,26%;99,25%;99,04%;99,14%;"[[289   0   0   0]
 [  0 239   0   1]
 [  0   0 240   0]
 [  1   2   3 169]]";92,13%;75,53%;75,41%;73,55%;73,88%;"[[65  4  4  0]
 [ 5 40 12  3]
 [ 2  4 49  5]
 [ 2  7 10 25]]";7,85%
53;{'n_estimators': 141, 'max_depth': 16, 'learning_rate': 0,1966734693877551};XGBoost;100,00%;100,00%;100,00%;100,00%;100,00%;"[[289   0   0   0]
 [  0 240   0   0]
 [  0   0 240   0]
 [  0   0   0 175]]";92,15%;73,42%;73,78%;71,08%;71,40%;"[[64  3  5  1]
 [ 5 39 12  4]
 [ 4  5 49  2]
 [ 3  7 12 22]]";7,85%
240;{'n_estimators': 33, 'max_depth': 4, 'min_data_in_leaf': 116, 'learning_rate': 0,7673877551020408};Lighgbm;100,00%;100,00%;100,00%;100,00%;100,00%;"[[289   0   0   0]
 [  0 240   0   0]
 [  0   0 240   0]
 [  0   0   0 175]]";92,16%;75,53%;75,38%;73,17%;73,45%;"[[66  5  2  0]
 [ 4 40 11  5]
 [ 4  4 50  2]
 [ 1  8 12 23]]";7,84%
294;{'n_estimators': 196, 'max_depth': 12, 'min_data_in_leaf': 222, 'learning_rate': 0,4575714285714286};Lighgbm;100,00%;100,00%;100,00%;100,00%;100,00%;"[[289   0   0   0]
 [  0 240   0   0]
 [  0   0 240   0]
 [  0   0   0 175]]";92,17%;75,53%;75,40%;73,09%;73,38%;"[[65  3  4  1]
 [ 4 43 10  3]
 [ 3  5 49  3]
 [ 1 10 11 22]]";7,83%
42;{'n_estimators': 72, 'max_depth': 9, 'min_data_in_leaf': 125, 'learning_rate': 0,11514285714285714};Lighgbm;100,00%;100,00%;100,00%;100,00%;100,00%;"[[289   0   0   0]
 [  0 240   0   0]
 [  0   0 240   0]
 [  0   0   0 175]]";92,18%;74,26%;74,81%;72,07%;72,49%;"[[64  4  5  0]
 [ 6 40 11  3]
 [ 3  5 49  3]
 [ 1  9 11 23]]";7,82%
45;{'n_estimators': 114, 'max_depth': 9, 'min_data_in_leaf': 77, 'learning_rate': 0,4575714285714286};Lighgbm;100,00%;100,00%;100,00%;100,00%;100,00%;"[[289   0   0   0]
 [  0 240   0   0]
 [  0   0 240   0]
 [  0   0   0 175]]";92,18%;75,95%;76,50%;73,81%;74,25%;"[[65  3  5  0]
 [ 5 41 11  3]
 [ 3  4 50  3]
 [ 1  8 11 24]]";7,82%
270;{'n_estimators': 103, 'max_depth': 8, 'min_data_in_leaf': 39, 'learning_rate': 0,06622448979591837};Lighgbm;100,00%;100,00%;100,00%;100,00%;100,00%;"[[289   0   0   0]
 [  0 240   0   0]
 [  0   0 240   0]
 [  0   0   0 175]]";92,19%;75,95%;77,36%;73,44%;73,89%;"[[66  2  5  0]
 [ 6 41 11  2]
 [ 3  4 51  2]
 [ 2  8 12 22]]";7,81%
185;{'n_estimators': 122, 'max_depth': 19, 'learning_rate': 0,4901836734693878};XGBoost;100,00%;100,00%;100,00%;100,00%;100,00%;"[[289   0   0   0]
 [  0 240   0   0]
 [  0   0 240   0]
 [  0   0   0 175]]";92,19%;75,11%;75,80%;73,05%;73,48%;"[[64  3  5  1]
 [ 5 40 12  3]
 [ 4  4 50  2]
 [ 3  7 10 24]]";7,81%
213;{'n_estimators': 83, 'max_depth': 4, 'min_data_in_leaf': 87, 'learning_rate': 0,14775510204081632};Lighgbm;100,00%;100,00%;100,00%;100,00%;100,00%;"[[289   0   0   0]
 [  0 240   0   0]
 [  0   0 240   0]
 [  0   0   0 175]]";92,20%;76,79%;78,46%;74,27%;74,68%;"[[66  2  5  0]
 [ 5 41 12  2]
 [ 3  2 53  2]
 [ 1  8 13 22]]";7,80%
204;{'n_estimators': 99, 'max_depth': 4, 'min_data_in_leaf': 87, 'learning_rate': 0,4086530612244898};Lighgbm;100,00%;100,00%;100,00%;100,00%;100,00%;"[[289   0   0   0]
 [  0 240   0   0]
 [  0   0 240   0]
 [  0   0   0 175]]";92,21%;73,84%;74,51%;71,35%;71,69%;"[[64  4  4  1]
 [ 6 41 11  2]
 [ 3  5 49  3]
 [ 3  6 14 21]]";7,79%
261;{'n_estimators': 184, 'max_depth': 10, 'min_data_in_leaf': 87, 'learning_rate': 0,522795918367347};Lighgbm;100,00%;100,00%;100,00%;100,00%;100,00%;"[[289   0   0   0]
 [  0 240   0   0]
 [  0   0 240   0]
 [  0   0   0 175]]";92,21%;75,11%;75,35%;72,68%;72,98%;"[[65  3  4  1]
 [ 6 41 10  3]
 [ 3  5 50  2]
 [ 1 10 11 22]]";7,79%
227;{'n_estimators': 157, 'max_depth': 12, 'learning_rate': 0,5391020408163265};XGBoost;100,00%;100,00%;100,00%;100,00%;100,00%;"[[289   0   0   0]
 [  0 240   0   0]
 [  0   0 240   0]
 [  0   0   0 175]]";92,22%;75,95%;77,88%;73,81%;74,42%;"[[63  5  5  0]
 [ 4 44 11  1]
 [ 4  4 50  2]
 [ 2  9 10 23]]";7,78%
5;{'n_estimators': 157, 'max_depth': 8, 'learning_rate': 0,37604081632653064};XGBoost;100,00%;100,00%;100,00%;100,00%;100,00%;"[[289   0   0   0]
 [  0 240   0   0]
 [  0   0 240   0]
 [  0   0   0 175]]";92,22%;75,53%;75,89%;73,17%;73,45%;"[[64  3  5  1]
 [ 5 42 10  3]
 [ 4  3 51  2]
 [ 3  9 10 22]]";7,78%
57;{'n_estimators': 184, 'max_depth': 7, 'min_data_in_leaf': 337, 'learning_rate': 0,4575714285714286};Lighgbm;100,00%;100,00%;100,00%;100,00%;100,00%;"[[289   0   0   0]
 [  0 240   0   0]
 [  0   0 240   0]
 [  0   0   0 175]]";92,23%;76,37%;76,66%;74,23%;74,69%;"[[65  5  3  0]
 [ 3 44  9  4]
 [ 3  7 48  2]
 [ 1  8 11 24]]";7,77%
287;{'n_estimators': 99, 'max_depth': 4, 'learning_rate': 0,3434285714285714};XGBoost;100,00%;100,00%;100,00%;100,00%;100,00%;"[[289   0   0   0]
 [  0 240   0   0]
 [  0   0 240   0]
 [  0   0   0 175]]";92,24%;74,68%;74,54%;72,04%;72,37%;"[[68  1  4  0]
 [ 5 40 11  4]
 [ 4  6 47  3]
 [ 2  8 12 22]]";7,76%
198;{'n_estimators': 122, 'max_depth': 14, 'min_data_in_leaf': 39, 'learning_rate': 0,2129795918367347};Lighgbm;100,00%;100,00%;100,00%;100,00%;100,00%;"[[289   0   0   0]
 [  0 240   0   0]
 [  0   0 240   0]
 [  0   0   0 175]]";92,27%;76,79%;78,17%;74,50%;75,01%;"[[65  3  5  0]
 [ 5 43 10  2]
 [ 4  3 51  2]
 [ 1  8 12 23]]";7,73%
72;{'n_estimators': 188, 'max_depth': 2, 'min_data_in_leaf': 106, 'learning_rate': 0,11514285714285714};Lighgbm;100,00%;100,00%;100,00%;100,00%;100,00%;"[[289   0   0   0]
 [  0 240   0   0]
 [  0   0 240   0]
 [  0   0   0 175]]";92,28%;75,53%;75,69%;73,17%;73,55%;"[[66  4  3  0]
 [ 6 41 10  3]
 [ 3  5 49  3]
 [ 1  9 11 23]]";7,72%
117;{'n_estimators': 118, 'max_depth': 15, 'min_data_in_leaf': 212, 'learning_rate': 0,5717142857142857};Lighgbm;100,00%;100,00%;100,00%;100,00%;100,00%;"[[289   0   0   0]
 [  0 240   0   0]
 [  0   0 240   0]
 [  0   0   0 175]]";92,28%;74,26%;74,38%;72,22%;72,63%;"[[64  5  4  0]
 [ 4 40 12  4]
 [ 4  5 48  3]
 [ 1 10  9 24]]";7,72%
83;{'n_estimators': 130, 'max_depth': 13, 'learning_rate': 0,5391020408163265};XGBoost;100,00%;100,00%;100,00%;100,00%;100,00%;"[[289   0   0   0]
 [  0 240   0   0]
 [  0   0 240   0]
 [  0   0   0 175]]";92,29%;75,53%;76,48%;73,39%;73,91%;"[[63  5  5  0]
 [ 3 45 11  1]
 [ 4  4 48  4]
 [ 4  7 10 23]]";7,71%
177;{'n_estimators': 110, 'max_depth': 10, 'min_data_in_leaf': 164, 'learning_rate': 0,718469387755102};Lighgbm;100,00%;100,00%;100,00%;100,00%;100,00%;"[[289   0   0   0]
 [  0 240   0   0]
 [  0   0 240   0]
 [  0   0   0 175]]";92,31%;74,26%;74,13%;72,07%;72,36%;"[[64  4  4  1]
 [ 5 40 11  4]
 [ 3  5 49  3]
 [ 1  8 12 23]]";7,69%
255;{'n_estimators': 91, 'max_depth': 2, 'min_data_in_leaf': 404, 'learning_rate': 0,31081632653061225};Lighgbm;99,34%;94,17%;94,12%;93,39%;93,68%;"[[284   2   1   2]
 [  2 226   9   3]
 [  3   5 229   3]
 [  4   9  12 150]]";91,65%;75,53%;75,50%;72,95%;73,19%;"[[67  3  3  0]
 [ 5 39 12  4]
 [ 2  5 51  2]
 [ 1 12  9 22]]";7,69%
282;{'n_estimators': 134, 'max_depth': 9, 'min_data_in_leaf': 87, 'learning_rate': 0,14775510204081632};Lighgbm;100,00%;100,00%;100,00%;100,00%;100,00%;"[[289   0   0   0]
 [  0 240   0   0]
 [  0   0 240   0]
 [  0   0   0 175]]";92,32%;75,53%;76,41%;73,17%;73,43%;"[[64  4  5  0]
 [ 6 40 10  4]
 [ 3  3 53  1]
 [ 1  9 12 22]]";7,68%
125;{'n_estimators': 87, 'max_depth': 5, 'learning_rate': 0,6532448979591837};XGBoost;100,00%;100,00%;100,00%;100,00%;100,00%;"[[289   0   0   0]
 [  0 240   0   0]
 [  0   0 240   0]
 [  0   0   0 175]]";92,35%;75,11%;74,82%;72,90%;73,14%;"[[64  4  4  1]
 [ 4 41 11  4]
 [ 3  4 50  3]
 [ 3  8 10 23]]";7,65%
116;{'n_estimators': 91, 'max_depth': 9, 'learning_rate': 0,3434285714285714};XGBoost;100,00%;100,00%;100,00%;100,00%;100,00%;"[[289   0   0   0]
 [  0 240   0   0]
 [  0   0 240   0]
 [  0   0   0 175]]";92,35%;72,57%;72,35%;70,02%;70,20%;"[[63  4  5  1]
 [ 6 41 10  3]
 [ 4  4 48  4]
 [ 3  8 13 20]]";7,65%
9;{'n_estimators': 130, 'max_depth': 6, 'min_data_in_leaf': 366, 'learning_rate': 0,1803673469387755};Lighgbm;99,13%;93,01%;92,99%;92,15%;92,46%;"[[283   2   1   3]
 [  2 220  14   4]
 [  3   7 228   2]
 [  4   9  15 147]]";91,48%;75,53%;75,82%;73,40%;73,80%;"[[65  5  3  0]
 [ 5 40 11  4]
 [ 2  6 50  2]
 [ 1  9 10 24]]";7,64%
60;{'n_estimators': 196, 'max_depth': 15, 'min_data_in_leaf': 145, 'learning_rate': 0,6532448979591837};Lighgbm;100,00%;100,00%;100,00%;100,00%;100,00%;"[[289   0   0   0]
 [  0 240   0   0]
 [  0   0 240   0]
 [  0   0   0 175]]";92,45%;74,26%;73,80%;71,77%;72,06%;"[[66  3  3  1]
 [ 5 41 11  3]
 [ 3  6 47  4]
 [ 1  9 12 22]]";7,55%
138;{'n_estimators': 184, 'max_depth': 12, 'min_data_in_leaf': 116, 'learning_rate': 0,033612244897959186};Lighgbm;100,00%;99,89%;99,91%;99,86%;99,89%;"[[289   0   0   0]
 [  0 240   0   0]
 [  0   0 240   0]
 [  1   0   0 174]]";92,47%;75,53%;76,72%;73,25%;73,70%;"[[65  3  5  0]
 [ 5 40 12  3]
 [ 3  4 51  2]
 [ 3  6 12 23]]";7,53%
267;{'n_estimators': 60, 'max_depth': 20, 'min_data_in_leaf': 327, 'learning_rate': 0,359734693877551};Lighgbm;99,35%;93,75%;93,64%;92,95%;93,22%;"[[283   1   2   3]
 [  2 225   8   5]
 [  2   9 228   1]
 [  1   9  16 149]]";91,83%;75,53%;76,33%;73,77%;74,24%;"[[64  5  4  0]
 [ 6 38 12  4]
 [ 2  6 51  1]
 [ 1  8  9 26]]";7,52%
156;{'n_estimators': 64, 'max_depth': 6, 'min_data_in_leaf': 231, 'learning_rate': 0,2129795918367347};Lighgbm;99,97%;98,83%;98,90%;98,64%;98,76%;"[[288   0   1   0]
 [  1 237   2   0]
 [  0   1 239   0]
 [  1   2   3 169]]";92,46%;73,84%;73,50%;71,66%;71,97%;"[[66  3  4  0]
 [ 6 38 11  5]
 [ 4  6 47  3]
 [ 2  8 10 24]]";7,50%
54;{'n_estimators': 122, 'max_depth': 18, 'min_data_in_leaf': 125, 'learning_rate': 0,2782040816326531};Lighgbm;100,00%;100,00%;100,00%;100,00%;100,00%;"[[289   0   0   0]
 [  0 240   0   0]
 [  0   0 240   0]
 [  0   0   0 175]]";92,51%;75,11%;75,97%;72,68%;73,07%;"[[65  3  5  0]
 [ 6 41 11  2]
 [ 3  4 50  3]
 [ 2  9 11 22]]";7,49%
137;{'n_estimators': 137, 'max_depth': 4, 'learning_rate': 0,6858571428571428};XGBoost;100,00%;100,00%;100,00%;100,00%;100,00%;"[[289   0   0   0]
 [  0 240   0   0]
 [  0   0 240   0]
 [  0   0   0 175]]";92,58%;75,95%;77,01%;73,89%;74,36%;"[[64  3  5  1]
 [ 5 41 12  2]
 [ 3  4 51  2]
 [ 3  7 10 24]]";7,42%
153;{'n_estimators': 184, 'max_depth': 19, 'min_data_in_leaf': 347, 'learning_rate': 0,11514285714285714};Lighgbm;98,96%;92,69%;92,71%;91,83%;92,14%;"[[281   2   3   3]
 [  3 219  14   4]
 [  2   7 229   2]
 [  2  10  17 146]]";91,55%;74,26%;74,15%;71,77%;72,09%;"[[66  4  3  0]
 [ 4 40 12  4]
 [ 3  6 48  3]
 [ 1 10 11 22]]";7,41%
224;{'n_estimators': 122, 'max_depth': 15, 'learning_rate': 0,441265306122449};XGBoost;100,00%;100,00%;100,00%;100,00%;100,00%;"[[289   0   0   0]
 [  0 240   0   0]
 [  0   0 240   0]
 [  0   0   0 175]]";92,61%;76,79%;77,55%;74,27%;74,64%;"[[66  3  3  1]
 [ 4 43 11  2]
 [ 4  3 51  2]
 [ 3  7 12 22]]";7,39%
168;{'n_estimators': 10, 'max_depth': 18, 'min_data_in_leaf': 164, 'learning_rate': 0,2618979591836735};Lighgbm;97,22%;84,22%;84,65%;82,56%;82,93%;"[[262   9  12   6]
 [ 10 194  29   7]
 [  0  10 226   4]
 [  6  24  32 113]]";89,83%;72,57%;73,60%;70,03%;70,22%;"[[65  4  4  0]
 [ 7 35 15  3]
 [ 4  3 51  2]
 [ 4  9 10 21]]";7,39%
96;{'n_estimators': 99, 'max_depth': 19, 'min_data_in_leaf': 87, 'learning_rate': 0,5554081632653062};Lighgbm;100,00%;100,00%;100,00%;100,00%;100,00%;"[[289   0   0   0]
 [  0 240   0   0]
 [  0   0 240   0]
 [  0   0   0 175]]";92,64%;77,22%;77,43%;74,99%;75,30%;"[[64  4  4  1]
 [ 4 45  8  3]
 [ 3  4 51  2]
 [ 3  7 11 23]]";7,36%
12;{'n_estimators': 141, 'max_depth': 13, 'min_data_in_leaf': 270, 'learning_rate': 0,604326530612245};Lighgbm;100,00%;100,00%;100,00%;100,00%;100,00%;"[[289   0   0   0]
 [  0 240   0   0]
 [  0   0 240   0]
 [  0   0   0 175]]";92,65%;78,06%;78,55%;76,05%;76,56%;"[[67  2  3  1]
 [ 4 42 11  3]
 [ 3  6 50  1]
 [ 2  7  9 26]]";7,35%
264;{'n_estimators': 157, 'max_depth': 9, 'min_data_in_leaf': 231, 'learning_rate': 0,2129795918367347};Lighgbm;100,00%;100,00%;100,00%;100,00%;100,00%;"[[289   0   0   0]
 [  0 240   0   0]
 [  0   0 240   0]
 [  0   0   0 175]]";92,74%;74,26%;74,25%;72,00%;72,41%;"[[65  3  4  1]
 [ 4 42 11  3]
 [ 5  6 46  3]
 [ 2  9 10 23]]";7,26%
66;{'n_estimators': 68, 'max_depth': 8, 'min_data_in_leaf': 423, 'learning_rate': 0,32712244897959186};Lighgbm;98,77%;91,10%;91,05%;89,96%;90,32%;"[[279   1   6   3]
 [  4 216  15   5]
 [  3   5 228   4]
 [  6  18  14 137]]";91,53%;75,53%;74,87%;73,10%;73,21%;"[[67  1  4  1]
 [ 4 38 13  5]
 [ 2  4 51  3]
 [ 1 10 10 23]]";7,25%
141;{'n_estimators': 37, 'max_depth': 2, 'min_data_in_leaf': 241, 'learning_rate': 0,1803673469387755};Lighgbm;98,66%;90,36%;90,51%;89,34%;89,69%;"[[277   2   7   3]
 [  6 208  20   6]
 [  2   7 229   2]
 [  2  16  18 139]]";91,46%;72,57%;71,84%;70,10%;70,23%;"[[66  4  3  0]
 [ 6 36 13  5]
 [ 3  5 48  4]
 [ 2  9 11 22]]";7,19%
93;{'n_estimators': 103, 'max_depth': 8, 'min_data_in_leaf': 443, 'learning_rate': 0,2618979591836735};Lighgbm;98,92%;92,58%;92,44%;91,61%;91,92%;"[[283   1   4   1]
 [  3 220  12   5]
 [  2   6 227   5]
 [  4  14  13 144]]";91,76%;74,26%;73,85%;71,84%;72,03%;"[[65  5  3  0]
 [ 5 39 12  4]
 [ 2  4 50  4]
 [ 1 10 11 22]]";7,15%
33;{'n_estimators': 200, 'max_depth': 18, 'min_data_in_leaf': 39, 'learning_rate': 0,6369387755102041};Lighgbm;100,00%;100,00%;100,00%;100,00%;100,00%;"[[289   0   0   0]
 [  0 240   0   0]
 [  0   0 240   0]
 [  0   0   0 175]]";92,85%;74,68%;74,79%;72,26%;72,48%;"[[65  3  5  0]
 [ 6 39 12  3]
 [ 2  3 51  4]
 [ 1 10 11 22]]";7,15%
105;{'n_estimators': 25, 'max_depth': 15, 'min_data_in_leaf': 337, 'learning_rate': 0,5717142857142857};Lighgbm;97,77%;87,18%;87,06%;86,24%;86,50%;"[[269   7   8   5]
 [ 12 198  23   7]
 [  3  10 220   7]
 [  5  17  17 136]]";90,66%;73,42%;72,73%;71,39%;71,65%;"[[66  4  3  0]
 [ 5 37 14  4]
 [ 2  6 46  6]
 [ 1  8 10 25]]";7,11%
150;{'n_estimators': 118, 'max_depth': 6, 'min_data_in_leaf': 222, 'learning_rate': 0,441265306122449};Lighgbm;100,00%;100,00%;100,00%;100,00%;100,00%;"[[289   0   0   0]
 [  0 240   0   0]
 [  0   0 240   0]
 [  0   0   0 175]]";93,00%;75,95%;76,14%;73,66%;74,07%;"[[65  4  3  1]
 [ 5 44  8  3]
 [ 4  6 48  2]
 [ 1  8 12 23]]";7,00%
90;{'n_estimators': 64, 'max_depth': 17, 'min_data_in_leaf': 462, 'learning_rate': 0,3434285714285714};Lighgbm;98,12%;89,41%;89,29%;88,23%;88,58%;"[[276   3   6   4]
 [  7 211  17   5]
 [  4   7 223   6]
 [  6  19  16 134]]";91,12%;74,68%;72,94%;71,96%;71,95%;"[[67  3  1  2]
 [ 5 40 10  5]
 [ 3  4 49  4]
 [ 1 11 11 21]]";7,00%
89;{'n_estimators': 10, 'max_depth': 2, 'learning_rate': 0,017306122448979593};XGBoost;91,09%;73,62%;74,77%;71,24%;71,39%;"[[247  11  25   6]
 [ 28 150  50  12]
 [  2  18 215   5]
 [  8  31  53  83]]";84,10%;66,67%;65,74%;64,19%;63,75%;"[[61  6  4  2]
 [ 6 27 20  7]
 [ 2  5 51  2]
 [ 2 11 12 19]]";6,99%
84;{'n_estimators': 188, 'max_depth': 10, 'min_data_in_leaf': 193, 'learning_rate': 0,3923469387755102};Lighgbm;100,00%;100,00%;100,00%;100,00%;100,00%;"[[289   0   0   0]
 [  0 240   0   0]
 [  0   0 240   0]
 [  0   0   0 175]]";93,05%;73,42%;73,89%;71,16%;71,53%;"[[63  5  4  1]
 [ 3 40 14  3]
 [ 2  6 49  3]
 [ 1 10 11 22]]";6,95%
147;{'n_estimators': 56, 'max_depth': 11, 'min_data_in_leaf': 443, 'learning_rate': 0,3923469387755102};Lighgbm;98,54%;90,78%;90,69%;89,84%;90,15%;"[[279   2   5   3]
 [  6 212  16   6]
 [  3   9 224   4]
 [  4  14  15 142]]";91,62%;74,26%;72,71%;71,70%;71,74%;"[[67  3  2  1]
 [ 5 39 11  5]
 [ 2  4 48  6]
 [ 2  8 12 22]]";6,92%
207;{'n_estimators': 118, 'max_depth': 4, 'min_data_in_leaf': 125, 'learning_rate': 0,3434285714285714};Lighgbm;100,00%;100,00%;100,00%;100,00%;100,00%;"[[289   0   0   0]
 [  0 240   0   0]
 [  0   0 240   0]
 [  0   0   0 175]]";93,09%;75,11%;75,56%;72,98%;73,31%;"[[63  6  4  0]
 [ 5 41 10  4]
 [ 3  4 51  2]
 [ 1  9 11 23]]";6,91%
69;{'n_estimators': 64, 'max_depth': 8, 'min_data_in_leaf': 327, 'learning_rate': 0,13144897959183674};Lighgbm;96,94%;84,11%;84,29%;82,48%;82,94%;"[[269   6   9   5]
 [ 13 193  28   6]
 [  3  16 215   6]
 [  5  27  26 117]]";90,03%;75,11%;75,01%;72,45%;72,57%;"[[66  3  4  0]
 [ 3 39 13  5]
 [ 2  4 52  2]
 [ 2 10 11 21]]";6,91%
243;{'n_estimators': 64, 'max_depth': 9, 'min_data_in_leaf': 116, 'learning_rate': 0,017306122448979593};Lighgbm;97,01%;81,14%;82,55%;79,03%;79,52%;"[[262   9  13   5]
 [ 18 181  35   6]
 [  2  15 223   0]
 [  5  29  41 100]]";90,18%;72,57%;73,56%;69,65%;69,73%;"[[66  3  4  0]
 [ 6 36 15  3]
 [ 3  4 51  2]
 [ 2 10 13 19]]";6,83%
78;{'n_estimators': 13, 'max_depth': 15, 'min_data_in_leaf': 212, 'learning_rate': 0,29451020408163264};Lighgbm;97,42%;85,17%;85,42%;83,47%;83,95%;"[[272   4  10   3]
 [ 11 197  24   8]
 [  3  15 218   4]
 [  7  24  27 117]]";90,60%;75,53%;75,50%;73,70%;73,97%;"[[65  4  4  0]
 [ 5 38 12  5]
 [ 2  5 50  3]
 [ 3  5 10 26]]";6,82%
18;{'n_estimators': 99, 'max_depth': 8, 'min_data_in_leaf': 125, 'learning_rate': 0,359734693877551};Lighgbm;100,00%;100,00%;100,00%;100,00%;100,00%;"[[289   0   0   0]
 [  0 240   0   0]
 [  0   0 240   0]
 [  0   0   0 175]]";93,20%;74,26%;73,97%;71,99%;72,25%;"[[63  5  4  1]
 [ 4 43 10  3]
 [ 3  5 48  4]
 [ 3  8 11 22]]";6,80%
252;{'n_estimators': 172, 'max_depth': 6, 'min_data_in_leaf': 135, 'learning_rate': 0,5391020408163265};Lighgbm;100,00%;100,00%;100,00%;100,00%;100,00%;"[[289   0   0   0]
 [  0 240   0   0]
 [  0   0 240   0]
 [  0   0   0 175]]";93,27%;75,11%;75,43%;72,98%;73,40%;"[[65  3  5  0]
 [ 6 40 11  3]
 [ 4  4 49  3]
 [ 2 10  8 24]]";6,73%
253;{'n_estimators': 64, 'max_depth': 4, 'min_samples_leaf': 10, 'criterion': 'entropy'};RandomForest;95,69%;76,80%;80,84%;73,84%;73,96%;"[[257   9  19   4]
 [ 13 160  64   3]
 [  0   6 234   0]
 [  6  32  63  74]]";88,97%;72,57%;74,30%;68,97%;68,47%;"[[67  2  4  0]
 [ 3 35 19  3]
 [ 1  3 55  1]
 [ 1 13 15 15]]";6,72%
276;{'n_estimators': 106, 'max_depth': 10, 'min_data_in_leaf': 366, 'learning_rate': 0,08253061224489797};Lighgbm;96,58%;83,90%;84,58%;82,25%;82,78%;"[[268   8  10   3]
 [ 14 189  31   6]
 [  3  14 219   4]
 [  9  21  29 116]]";89,89%;74,68%;75,04%;71,96%;72,08%;"[[67  2  4  0]
 [ 5 37 14  4]
 [ 2  4 52  2]
 [ 3  9 11 21]]";6,68%
233;{'n_estimators': 60, 'max_depth': 1, 'learning_rate': 0,2129795918367347};XGBoost;97,78%;85,17%;85,87%;83,62%;84,09%;"[[268   5  12   4]
 [ 10 191  32   7]
 [  2   9 226   3]
 [  5  20  31 119]]";91,15%;74,26%;75,97%;71,77%;72,11%;"[[66  3  4  0]
 [ 6 36 15  3]
 [ 2  5 52  1]
 [ 4  6 12 22]]";6,63%
114;{'n_estimators': 91, 'max_depth': 14, 'min_data_in_leaf': 423, 'learning_rate': 0,14775510204081632};Lighgbm;97,42%;86,02%;86,30%;84,52%;84,96%;"[[271   7   9   2]
 [ 10 196  25   9]
 [  4   9 223   4]
 [  8  19  26 122]]";90,81%;75,11%;74,60%;72,30%;72,45%;"[[68  2  3  0]
 [ 4 39 12  5]
 [ 3  5 50  2]
 [ 1 12 10 21]]";6,61%
144;{'n_estimators': 99, 'max_depth': 11, 'min_data_in_leaf': 222, 'learning_rate': 0,033612244897959186};Lighgbm;97,23%;84,00%;84,73%;82,28%;82,76%;"[[266   9  10   4]
 [ 16 190  28   6]
 [  2  11 224   3]
 [  7  22  33 113]]";90,89%;75,95%;77,36%;73,51%;73,86%;"[[65  4  4  0]
 [ 5 40 13  2]
 [ 2  3 53  2]
 [ 3  8 11 22]]";6,34%
135;{'n_estimators': 103, 'max_depth': 18, 'min_data_in_leaf': 433, 'learning_rate': 0,09883673469387755};Lighgbm;96,53%;83,16%;83,61%;81,44%;81,93%;"[[266  12   9   2]
 [ 16 188  28   8]
 [  4  13 218   5]
 [ 10  25  27 113]]";90,25%;73,84%;73,53%;71,05%;71,02%;"[[66  2  4  1]
 [ 6 37 12  5]
 [ 2  5 52  1]
 [ 3 10 11 20]]";6,29%
40;{'n_estimators': 188, 'max_depth': 17, 'min_samples_leaf': 39, 'criterion': 'gini'};RandomForest;95,33%;77,75%;80,63%;75,10%;75,31%;"[[252  17  17   3]
 [ 16 174  46   4]
 [  1  11 228   0]
 [  7  39  49  80]]";89,17%;73,00%;74,78%;69,68%;69,40%;"[[65  3  5  0]
 [ 2 37 17  4]
 [ 1  4 55  0]
 [ 1 14 13 16]]";6,16%
225;{'n_estimators': 87, 'max_depth': 13, 'min_data_in_leaf': 433, 'learning_rate': 0,09883673469387755};Lighgbm;96,07%;82,63%;82,90%;80,83%;81,27%;"[[267  11   9   2]
 [ 18 185  28   9]
 [  2  15 217   6]
 [  9  27  28 111]]";89,95%;73,42%;72,58%;70,63%;70,59%;"[[66  3  3  1]
 [ 6 37 12  5]
 [ 2  5 51  2]
 [ 3 11 10 20]]";6,13%
13;{'n_estimators': 48, 'max_depth': 20, 'min_samples_leaf': 39, 'criterion': 'gini'};RandomForest;94,75%;75,21%;77,80%;72,35%;72,36%;"[[251  15  18   5]
 [ 23 162  50   5]
 [  2  14 224   0]
 [  7  41  54  73]]";88,63%;70,46%;74,81%;67,33%;67,20%;"[[61  6  6  0]
 [ 3 37 18  2]
 [ 0  6 54  0]
 [ 1 15 13 15]]";6,12%
183;{'n_estimators': 10, 'max_depth': 7, 'min_data_in_leaf': 318, 'learning_rate': 0,4901836734693878};Lighgbm;94,64%;78,50%;77,82%;76,65%;76,89%;"[[258  12  15   4]
 [ 21 175  27  17]
 [  3  20 204  13]
 [  7  31  33 104]]";88,55%;73,42%;72,97%;70,71%;70,61%;"[[67  1  4  1]
 [ 6 34 14  6]
 [ 2  5 52  1]
 [ 3  9 11 21]]";6,08%
279;{'n_estimators': 137, 'max_depth': 14, 'min_data_in_leaf': 375, 'learning_rate': 0,033612244897959186};Lighgbm;94,60%;78,39%;79,17%;76,26%;76,70%;"[[259  12  16   2]
 [ 26 173  33   8]
 [  3  19 211   7]
 [  8  32  38  97]]";88,79%;74,68%;74,33%;71,73%;71,76%;"[[68  2  3  0]
 [ 4 38 14  4]
 [ 2  4 51  3]
 [ 3 10 11 20]]";5,81%
100;{'n_estimators': 122, 'max_depth': 3, 'min_samples_leaf': 1, 'criterion': 'entropy'};RandomForest;93,47%;71,61%;76,94%;68,03%;67,42%;"[[251  18  18   2]
 [ 16 145  76   3]
 [  0  13 227   0]
 [  7  38  77  53]]";87,90%;68,78%;76,45%;64,68%;63,25%;"[[64  4  5  0]
 [ 4 33 23  0]
 [ 1  3 56  0]
 [ 1 16 17 10]]";5,57%
102;{'n_estimators': 13, 'max_depth': 18, 'min_data_in_leaf': 414, 'learning_rate': 0,37604081632653064};Lighgbm;94,09%;77,33%;77,37%;75,28%;75,60%;"[[258  12  15   4]
 [ 30 165  32  13]
 [  2  22 209   7]
 [  9  34  34  98]]";88,53%;73,42%;73,25%;70,94%;71,25%;"[[66  3  3  1]
 [ 5 39 13  3]
 [ 4  6 47  3]
 [ 3 10  9 22]]";5,56%
259;{'n_estimators': 33, 'max_depth': 17, 'min_samples_leaf': 58, 'criterion': 'entropy'};RandomForest;93,08%;72,67%;77,11%;69,35%;68,92%;"[[251  21  16   1]
 [ 31 149  57   3]
 [  2  12 226   0]
 [  8  41  66  60]]";87,58%;69,62%;71,21%;66,20%;65,45%;"[[65  2  6  0]
 [ 8 30 18  4]
 [ 1  4 55  0]
 [ 2 13 14 15]]";5,49%
126;{'n_estimators': 25, 'max_depth': 6, 'min_data_in_leaf': 318, 'learning_rate': 0,09883673469387755};Lighgbm;93,54%;76,17%;76,52%;73,68%;73,85%;"[[257  13  13   6]
 [ 28 162  40  10]
 [  2  18 214   6]
 [  9  35  45  86]]";88,07%;74,68%;74,30%;71,73%;71,69%;"[[68  2  3  0]
 [ 4 37 14  5]
 [ 2  4 52  2]
 [ 3 10 11 20]]";5,47%
196;{'n_estimators': 157, 'max_depth': 15, 'min_samples_leaf': 49, 'criterion': 'entropy'};RandomForest;94,29%;75,11%;78,34%;71,98%;71,81%;"[[255  15  16   3]
 [ 27 158  51   4]
 [  1  11 228   0]
 [  7  40  60  68]]";88,90%;71,73%;74,95%;68,21%;67,76%;"[[66  3  4  0]
 [ 6 34 18  2]
 [ 0  5 55  0]
 [ 1 14 14 15]]";5,38%
174;{'n_estimators': 161, 'max_depth': 9, 'min_data_in_leaf': 125, 'learning_rate': 0,001};Lighgbm;92,27%;62,92%;48,99%;56,93%;51,35%;"[[280   4   5   0]
 [ 80 130  30   0]
 [ 35  21 184   0]
 [ 96  30  49   0]]";86,91%;56,96%;46,05%;51,20%;45,91%;"[[68  2  3  0]
 [22 25 13  0]
 [13  5 42  0]
 [29  2 13  0]]";5,36%
154;{'n_estimators': 44, 'max_depth': 15, 'min_samples_leaf': 68, 'criterion': 'entropy'};RandomForest;92,36%;69,81%;75,37%;65,93%;64,51%;"[[248  28  13   0]
 [ 38 142  58   2]
 [  2  12 226   0]
 [  7  51  74  43]]";87,18%;65,82%;73,10%;61,84%;60,35%;"[[63  5  5  0]
 [ 9 29 22  0]
 [ 1  5 54  0]
 [ 2 16 16 10]]";5,18%
201;{'n_estimators': 13, 'max_depth': 2, 'min_data_in_leaf': 250, 'learning_rate': 0,09883673469387755};Lighgbm;93,21%;75,42%;75,65%;72,96%;73,10%;"[[257  12  13   7]
 [ 35 156  39  10]
 [  2  19 213   6]
 [  6  38  45  86]]";88,88%;73,42%;74,14%;70,71%;70,68%;"[[65  4  4  0]
 [ 6 35 15  4]
 [ 1  4 54  1]
 [ 3 11 10 20]]";4,33%
223;{'n_estimators': 141, 'max_depth': 9, 'min_samples_leaf': 68, 'criterion': 'gini'};RandomForest;92,95%;72,88%;76,99%;69,68%;69,26%;"[[244  25  17   3]
 [ 29 158  51   2]
 [  0  14 226   0]
 [  7  46  62  60]]";88,68%;70,04%;73,53%;66,31%;65,30%;"[[63  6  4  0]
 [ 5 35 18  2]
 [ 0  4 56  0]
 [ 1 18 13 12]]";4,27%
266;{'n_estimators': 25, 'max_depth': 1, 'learning_rate': 0,13144897959183674};XGBoost;93,16%;75,85%;77,46%;73,40%;73,53%;"[[253  12  18   6]
 [ 23 152  56   9]
 [  1  11 226   2]
 [  5  36  49  85]]";88,59%;72,15%;70,95%;69,01%;68,58%;"[[67  1  4  1]
 [ 4 33 16  7]
 [ 1  4 53  2]
 [ 2 11 13 18]]";4,57%
139;{'n_estimators': 184, 'max_depth': 20, 'min_samples_leaf': 77, 'criterion': 'gini'};RandomForest;92,45%;70,76%;76,00%;67,00%;65,87%;"[[247  23  18   1]
 [ 31 151  56   2]
 [  0  16 224   0]
 [  7  50  72  46]]";88,33%;68,78%;75,86%;64,31%;62,07%;"[[65  4  4  0]
 [ 7 34 19  0]
 [ 0  4 56  0]
 [ 1 20 15  8]]";4,11%
3;{'n_estimators': 118, 'max_depth': 18, 'min_data_in_leaf': 395, 'learning_rate': 0,017306122448979593};Lighgbm;91,99%;73,62%;73,86%;71,16%;71,32%;"[[256  12  15   6]
 [ 39 148  41  12]
 [  4  24 206   6]
 [ 10  36  44  85]]";88,15%;71,73%;70,30%;68,59%;68,23%;"[[67  2  3  1]
 [ 8 34 13  5]
 [ 2  4 51  3]
 [ 3 12 11 18]]";3,84%
112;{'n_estimators': 91, 'max_depth': 9, 'min_samples_leaf': 77, 'criterion': 'entropy'};RandomForest;91,92%;69,07%;74,38%;65,14%;63,60%;"[[249  24  16   0]
 [ 41 134  62   3]
 [  1  12 227   0]
 [  7  49  77  42]]";87,87%;65,82%;72,80%;61,77%;60,18%;"[[64  4  5  0]
 [10 28 22  0]
 [ 1  5 54  0]
 [ 2 17 15 10]]";4,05%
175;{'n_estimators': 196, 'max_depth': 16, 'min_samples_leaf': 97, 'criterion': 'gini'};RandomForest;91,23%;66,95%;73,86%;62,19%;58,73%;"[[250  22  17   0]
 [ 42 140  57   1]
 [  2  16 222   0]
 [  7  55  93  20]]";87,60%;64,56%;72,91%;59,38%;54,75%;"[[65  4  4  0]
 [10 29 21  0]
 [ 1  3 56  0]
 [ 1 20 20  3]]";3,63%
192;{'n_estimators': 72, 'max_depth': 1, 'min_data_in_leaf': 443, 'learning_rate': 0,017306122448979593};Lighgbm;90,34%;70,13%;70,80%;66,56%;66,05%;"[[267   9   9   4]
 [ 57 134  42   7]
 [ 12  20 201   7]
 [ 15  42  58  60]]";87,51%;70,89%;71,05%;67,15%;66,18%;"[[69  1  2  1]
 [13 30 14  3]
 [ 3  2 54  1]
 [ 5 12 12 15]]";2,83%
25;{'n_estimators': 52, 'max_depth': 9, 'min_samples_leaf': 97, 'criterion': 'gini'};RandomForest;90,81%;67,27%;73,13%;62,49%;59,10%;"[[253  16  19   1]
 [ 44 138  57   1]
 [  2  15 223   0]
 [  8  55  91  21]]";87,30%;63,71%;72,08%;58,40%;53,68%;"[[67  0  6  0]
 [12 27 21  0]
 [ 1  5 54  0]
 [ 4 17 20  3]]";3,51%
190;{'n_estimators': 172, 'max_depth': 13, 'min_samples_leaf': 116, 'criterion': 'gini'};RandomForest;90,32%;63,03%;72,57%;57,62%;51,54%;"[[251  14  24   0]
 [ 56 119  65   0]
 [  1  16 223   0]
 [  8  57 108   2]]";87,21%;62,87%;71,62%;57,34%;51,38%;"[[66  3  4  0]
 [13 27 20  0]
 [ 1  4 55  0]
 [ 4 16 23  1]]";3,11%
115;{'n_estimators': 130, 'max_depth': 11, 'min_samples_leaf': 125, 'criterion': 'gini'};RandomForest;89,94%;62,71%;72,37%;57,25%;51,07%;"[[252  14  23   0]
 [ 54 118  68   0]
 [  1  18 221   0]
 [  7  58 109   1]]";86,81%;62,45%;46,57%;56,70%;49,84%;"[[67  1  5  0]
 [13 25 22  0]
 [ 2  2 56  0]
 [ 4 17 23  0]]";3,14%
145;{'n_estimators': 99, 'max_depth': 4, 'min_samples_leaf': 116, 'criterion': 'entropy'};RandomForest;89,50%;61,12%;45,87%;55,57%;48,70%;"[[257  19  13   0]
 [ 70  94  75   1]
 [  2  12 226   0]
 [  9  44 122   0]]";86,62%;60,76%;45,56%;55,03%;48,27%;"[[67  1  5  0]
 [15 23 22  0]
 [ 2  4 54  0]
 [ 4 13 27  0]]";2,89%
220;{'n_estimators': 87, 'max_depth': 18, 'min_samples_leaf': 125, 'criterion': 'entropy'};RandomForest;88,92%;60,91%;45,86%;55,30%;48,50%;"[[260  14  15   0]
 [ 72  93  74   1]
 [  2  16 222   0]
 [  9  41 125   0]]";86,20%;59,92%;44,24%;54,12%;46,53%;"[[68  1  4  0]
 [18 18 24  0]
 [ 2  2 56  0]
 [ 5 13 26  0]]";2,71%
49;{'n_estimators': 25, 'max_depth': 18, 'min_samples_leaf': 125, 'criterion': 'gini'};RandomForest;88,12%;61,44%;46,26%;55,95%;49,56%;"[[253  19  17   0]
 [ 59 110  71   0]
 [  2  21 217   0]
 [ 13  46 116   0]]";86,17%;61,18%;45,82%;55,59%;49,20%;"[[65  5  3  0]
 [11 27 22  0]
 [ 2  5 53  0]
 [ 8 11 25  0]]";1,95%
205;{'n_estimators': 188, 'max_depth': 9, 'min_samples_leaf': 125, 'criterion': 'entropy'};RandomForest;88,99%;61,02%;46,11%;55,46%;48,71%;"[[257  16  16   0]
 [ 69  96  75   0]
 [  2  15 223   0]
 [ 11  39 125   0]]";85,95%;58,65%;43,37%;52,95%;45,75%;"[[67  2  4  0]
 [17 18 25  0]
 [ 1  5 54  0]
 [ 4 11 29  0]]";3,04%
133;{'n_estimators': 165, 'max_depth': 3, 'min_samples_leaf': 125, 'criterion': 'entropy'};RandomForest;89,01%;60,70%;45,85%;55,13%;48,29%;"[[258  14  17   0]
 [ 72  92  76   0]
 [  2  15 223   0]
 [ 10  39 126   0]]";85,88%;58,65%;43,37%;52,95%;45,75%;"[[67  2  4  0]
 [17 18 25  0]
 [ 1  5 54  0]
 [ 4 11 29  0]]";3,13%
73;{'n_estimators': 95, 'max_depth': 4, 'min_samples_leaf': 135, 'criterion': 'entropy'};RandomForest;88,11%;60,70%;45,96%;55,06%;48,07%;"[[262  11  16   0]
 [ 75  88  77   0]
 [  4  13 223   0]
 [ 11  37 127   0]]";85,59%;58,65%;43,19%;52,95%;45,21%;"[[67  3  3  0]
 [18 16 26  0]
 [ 1  3 56  0]
 [ 5 10 29  0]]";2,52%
99;{'n_estimators': 21, 'max_depth': 10, 'min_data_in_leaf': 452, 'learning_rate': 0,033612244897959186};Lighgbm;88,27%;63,35%;64,20%;58,55%;55,78%;"[[269   6  11   3]
 [ 78 111  45   6]
 [ 25  21 192   2]
 [ 16  49  84  26]]";85,48%;67,09%;70,28%;62,72%;61,06%;"[[70  1  2  0]
 [14 27 18  1]
 [ 5  3 51  1]
 [ 7 11 15 11]]";2,80%
52;{'n_estimators': 161, 'max_depth': 2, 'min_samples_leaf': 164, 'criterion': 'gini'};RandomForest;87,88%;61,23%;46,33%;55,69%;48,89%;"[[256  11  22   0]
 [ 71  97  72   0]
 [  1  14 225   0]
 [ 12  43 120   0]]";85,38%;61,18%;47,57%;55,52%;48,73%;"[[66  1  6  0]
 [15 23 22  0]
 [ 1  3 56  0]
 [ 5  8 31  0]]";2,50%
16;{'n_estimators': 168, 'max_depth': 20, 'min_samples_leaf': 183, 'criterion': 'gini'};RandomForest;87,16%;60,70%;46,35%;55,08%;48,15%;"[[261   6  22   0]
 [ 73  89  78   0]
 [  5  12 223   0]
 [ 13  38 124   0]]";85,19%;59,92%;45,64%;54,20%;46,78%;"[[67  1  5  0]
 [19 19 22  0]
 [ 1  3 56  0]
 [ 7  8 29  0]]";1,98%
291;{'n_estimators': 37, 'max_depth': 11, 'min_data_in_leaf': 145, 'learning_rate': 0,001};Lighgbm;89,22%;30,61%;7,65%;25,00%;11,72%;"[[289   0   0   0]
 [240   0   0   0]
 [240   0   0   0]
 [175   0   0   0]]";85,05%;30,80%;7,70%;25,00%;11,77%;"[[73  0  0  0]
 [60  0  0  0]
 [60  0  0  0]
 [44  0  0  0]]";4,17%
160;{'n_estimators': 134, 'max_depth': 2, 'min_samples_leaf': 164, 'criterion': 'entropy'};RandomForest;86,98%;59,64%;45,24%;54,02%;46,74%;"[[262  10  17   0]
 [ 78  77  85   0]
 [  5  11 224   0]
 [ 12  34 129   0]]";84,92%;58,65%;44,95%;52,87%;44,91%;"[[68  1  4  0]
 [19 15 26  0]
 [ 2  2 56  0]
 [ 5  7 32  0]]";2,06%
271;{'n_estimators': 79, 'max_depth': 7, 'min_samples_leaf': 193, 'criterion': 'gini'};RandomForest;86,22%;58,69%;44,62%;53,05%;45,44%;"[[264   6  19   0]
 [ 82  67  91   0]
 [  7  10 223   0]
 [ 14  32 129   0]]";84,79%;59,07%;46,34%;53,29%;45,46%;"[[68  0  5  0]
 [19 16 25  0]
 [ 1  3 56  0]
 [ 8  5 31  0]]";1,42%
136;{'n_estimators': 145, 'max_depth': 9, 'min_samples_leaf': 154, 'criterion': 'entropy'};RandomForest;86,95%;59,75%;45,44%;54,12%;46,91%;"[[262  11  16   0]
 [ 77  78  85   0]
 [  3  13 224   0]
 [ 11  31 133   0]]";84,64%;58,23%;44,39%;52,53%;44,67%;"[[67  1  5  0]
 [19 15 26  0]
 [ 1  3 56  0]
 [ 5  7 32  0]]";2,31%
265;{'n_estimators': 25, 'max_depth': 8, 'min_samples_leaf': 154, 'criterion': 'gini'};RandomForest;86,39%;61,33%;46,59%;55,86%;49,27%;"[[252  14  23   0]
 [ 67 104  69   0]
 [  3  14 223   0]
 [ 14  41 120   0]]";84,47%;61,60%;47,30%;56,01%;49,80%;"[[65  3  5  0]
 [12 28 20  0]
 [ 1  6 53  0]
 [ 7  7 30  0]]";1,92%
217;{'n_estimators': 17, 'max_depth': 14, 'min_samples_leaf': 183, 'criterion': 'entropy'};RandomForest;84,61%;57,52%;44,09%;51,86%;43,80%;"[[266   8  15   0]
 [ 92  56  92   0]
 [  6  13 221   0]
 [ 19  17 139   0]]";84,39%;57,81%;44,05%;52,04%;44,33%;"[[68  0  5  0]
 [19 15 26  0]
 [ 2  4 54  0]
 [ 5  7 32  0]]";0,22%
226;{'n_estimators': 192, 'max_depth': 11, 'min_samples_leaf': 154, 'criterion': 'entropy'};RandomForest;86,88%;60,17%;45,75%;54,56%;47,51%;"[[261  12  16   0]
 [ 72  83  85   0]
 [  1  15 224   0]
 [ 12  32 131   0]]";84,36%;58,23%;43,66%;52,53%;44,68%;"[[67  1  5  0]
 [19 15 26  0]
 [ 1  3 56  0]
 [ 4  9 31  0]]";2,53%
214;{'n_estimators': 48, 'max_depth': 18, 'min_samples_leaf': 193, 'criterion': 'entropy'};RandomForest;85,38%;56,78%;44,72%;51,14%;42,55%;"[[266   4  19   0]
 [ 96  47  97   0]
 [ 10   7 223   0]
 [ 19  15 141   0]]";84,26%;57,38%;47,40%;51,62%;43,05%;"[[68  0  5  0]
 [19 12 29  0]
 [ 4  0 56  0]
 [ 8  4 32  0]]";1,11%
76;{'n_estimators': 60, 'max_depth': 5, 'min_samples_leaf': 193, 'criterion': 'gini'};RandomForest;85,79%;58,90%;45,26%;53,25%;45,53%;"[[264   6  19   0]
 [ 85  66  89   0]
 [  8   6 226   0]
 [ 12  30 133   0]]";84,26%;59,49%;47,38%;53,70%;46,06%;"[[68  0  5  0]
 [18 17 25  0]
 [ 2  2 56  0]
 [ 8  5 31  0]]";1,53%
274;{'n_estimators': 10, 'max_depth': 6, 'min_samples_leaf': 174, 'criterion': 'entropy'};RandomForest;83,78%;55,72%;40,57%;50,36%;42,91%;"[[251  19  19   0]
 [101  61  78   0]
 [  9  15 214   2]
 [ 23  35 117   0]]";83,35%;57,38%;41,79%;51,62%;44,31%;"[[68  2  3  0]
 [20 17 23  0]
 [ 4  5 51  0]
 [10 10 24  0]]";0,43%
43;{'n_estimators': 172, 'max_depth': 4, 'min_samples_leaf': 298, 'criterion': 'entropy'};RandomForest;81,85%;51,69%;25,72%;45,91%;32,96%;"[[279   0  10   0]
 [145   0  95   0]
 [ 31   0 209   0]
 [ 45   0 130   0]]";81,57%;51,05%;25,36%;45,15%;32,46%;"[[71  0  2  0]
 [30  0 30  0]
 [10  0 50  0]
 [14  0 30  0]]";0,28%
165;{'n_estimators': 106, 'max_depth': 1, 'min_data_in_leaf': 250, 'learning_rate': 0,001};Lighgbm;85,34%;30,61%;7,65%;25,00%;11,72%;"[[289   0   0   0]
 [240   0   0   0]
 [240   0   0   0]
 [175   0   0   0]]";81,46%;30,80%;7,70%;25,00%;11,77%;"[[73  0  0  0]
 [60  0  0  0]
 [60  0  0  0]
 [44  0  0  0]]";3,88%
268;{'n_estimators': 137, 'max_depth': 8, 'min_samples_leaf': 298, 'criterion': 'entropy'};RandomForest;81,55%;51,69%;25,71%;45,89%;32,95%;"[[280   0   9   0]
 [144   0  96   0]
 [ 32   0 208   0]
 [ 46   0 129   0]]";81,44%;51,05%;25,34%;45,15%;32,45%;"[[71  0  2  0]
 [33  0 27  0]
 [10  0 50  0]
 [14  0 30  0]]";0,11%
1;{'n_estimators': 165, 'max_depth': 8, 'min_samples_leaf': 289, 'criterion': 'gini'};RandomForest;81,19%;52,22%;26,13%;46,46%;33,38%;"[[277   0  12   0]
 [131   0 109   0]
 [ 24   0 216   0]
 [ 37   0 138   0]]";80,92%;51,48%;25,69%;45,57%;32,80%;"[[71  0  2  0]
 [29  0 31  0]
 [ 9  0 51  0]
 [11  0 33  0]]";0,27%
82;{'n_estimators': 180, 'max_depth': 2, 'min_samples_leaf': 279, 'criterion': 'entropy'};RandomForest;80,64%;52,44%;26,33%;46,67%;33,55%;"[[277   0  12   0]
 [126   0 114   0]
 [ 22   0 218   0]
 [ 33   0 142   0]]";80,47%;51,90%;50,85%;45,98%;33,73%;"[[71  0  2  0]
 [28  1 31  0]
 [ 9  0 51  0]
 [10  0 34  0]]";0,17%
64;{'n_estimators': 110, 'max_depth': 2, 'min_samples_leaf': 289, 'criterion': 'gini'};RandomForest;80,74%;52,12%;26,11%;46,36%;33,32%;"[[277   0  12   0]
 [127   0 113   0]
 [ 25   0 215   0]
 [ 37   0 138   0]]";80,41%;51,48%;25,64%;45,57%;32,78%;"[[71  0  2  0]
 [32  0 28  0]
 [ 9  0 51  0]
 [10  0 34  0]]";0,33%
